date,scale_proxy,speed_proxy,leverage_proxy,autonomy_proxy,replicability_proxy,stop_proxy,threshold_proxy,decision_proxy,execution_proxy,coherence_proxy,impact_proxy,propagation_proxy,hysteresis_proxy,margin_proxy,redundancy_proxy,diversity_proxy,recovery_time_proxy,exemption_rate,sanction_delay,control_turnover,conflict_interest_proxy,rule_execution_gap
2026-01-01,1.0152358539877215,1.0168787274399467,0.9910194293084271,0.5257705201450406,0.4577477336015424,0.7970358676987034,0.7338729433354161,0.8591265370876329,0.7972532566898541,0.7980146858826511,0.2774024510073246,0.273023240903943,0.17769653107705832,0.8728108597823638,0.8870192984327113,0.8624511348436747,0.07131651545707907,0.06994909503511729,0.1484122796185647,0.034044712972351274,0.06266022551476749,0.0
2026-01-02,0.9480007946879753,1.0703740930656858,1.009838804832848,0.47112305563221746,0.44581505863209697,0.763535653181317,0.7756902934650477,0.7838007612251785,0.8566344910259794,0.8221227302484856,0.2667061144439782,0.2911570403213602,0.24900954358359112,0.9705658492938356,0.9484902243695873,0.8343846092558891,0.1581747907153237,0.09124689448070514,0.2208902768058223,0.012562518800954124,0.09476092011130902,0.0
2026-01-03,1.0375225597903228,1.0045292453450874,1.0410264237708708,0.563722360847062,0.5172302452375179,0.7792763467082071,0.8210113354737293,0.7897965242475783,0.8632269904669019,0.7847786618571667,0.3217004911725053,0.3045400011805024,0.214058658282174,0.895608216069815,0.9437138839459532,0.8983063735687795,0.08468989605142262,0.01434764591543431,0.030523832389093716,0.03896719633793586,0.06366606282684371,0.06703047514735377
2026-01-04,1.0470282358195606,1.0321969396638428,0.9803129413887713,0.468620623178154,0.5189640017182582,0.8316955188866871,0.7948801646694452,0.7754172192517258,0.7289118175327713,0.7795175535815999,0.31259272076475025,0.3302395791275284,0.1651221396701846,0.9102353343010265,0.8509045077024598,0.7226083583630045,0.1552247512602784,0.102592743026376,0.17290854037395548,0.06505565835503468,0.1619415833207212,0.14600403855253946
2026-01-05,0.9024482405673082,0.8974913949484489,1.0260583627866056,0.46816923584488823,0.5643665555802533,0.8001496645599978,0.7674718189797204,0.7709674298627208,0.7843822279172066,0.804617701912723,0.2297604226194836,0.3540428102475436,0.1567030058083857,0.9589477289295825,0.8572236773545713,0.7867319945842873,0.12144826955635994,0.0,0.10350677591830637,0.0991458103230881,0.12148937262352091,0.10947801292900308
2026-01-06,0.9348910246568841,0.997564079903494,0.9867080604042311,0.5270565805402265,0.5549989825171042,0.8170104988434169,0.7662893769137746,0.8347335305814205,0.867906054793363,0.703954203705241,0.35613391272818695,0.2852826138236375,0.11762518504762808,0.8551253514572669,0.9054351076406705,0.7768739308028587,0.08285776735450817,0.0,0.14030501084000682,0.0,0.03462361176414922,0.027134105736716374
2026-01-07,1.0063920201583643,0.9578384864853564,0.9941228916335935,0.5381463241168468,0.4933885671734414,0.8335039621101096,0.7643831467793646,0.8127953425052112,0.8254039552599534,0.8238517563613229,0.2952902712324583,0.2771921901942321,0.21453665889334114,0.850357659608303,0.9863066187334755,0.70131586617957,0.12398452652987653,0.08548309328189382,0.017611142944776448,0.008411941286859514,0.034098628309646536,0.04044226533484729
2026-01-08,0.9841878703828209,0.9390593469788187,1.0414759521012036,0.5224049681968101,0.43778970605695655,0.7812579268551195,0.7560245185670529,0.832587407070152,0.8097631515739887,0.7999718451438521,0.24445344523921397,0.3218827836767153,0.1822706226374321,0.8901750789800946,0.8042217417765503,0.8530163602389847,0.1160224756923019,0.13355606142816237,0.17340409113326488,0.05795481210945029,0.07348483597426766,0.08438531283919568
2026-01-09,0.9991599421247855,0.9560923816535625,0.9003469814472922,0.4157201341307596,0.4840446701494551,0.8378124081814904,0.9140816438638031,0.7995602655257215,0.7891157653282672,0.8019846763298781,0.3594392057176937,0.3305422458205427,0.0813902235968243,0.9413586399810612,0.9139166469785253,0.7864801722098321,0.1510441410501237,0.07467159940918477,0.13932583756659153,0.04505684420188571,0.008099040978715742,0.09610640099174535
2026-01-10,0.957347803621321,0.9832938279649593,0.935176383596262,0.5269017219964125,0.5108615597405263,0.8189421301729197,0.8148755535592778,0.8256599905538591,0.7808099537146128,0.8480367153797232,0.3312837785798077,0.2782899783370557,0.17321425636153,0.8334561373693254,0.8311978334213426,0.8369815602493281,0.07258272310674908,0.04798288067329938,0.09805449826068913,0.07016881212633626,0.10831441532662434,0.022823214058715065
2026-01-11,1.0439698987431414,1.0457951271178008,0.9258907301278589,0.44828459741628,0.4898958377305298,0.7382593456544261,0.8443379527202369,0.7790575628037482,0.8144109531545163,0.7023592234975876,0.2367729004026043,0.3395196738483086,0.1549482985372524,0.8165982700055452,0.8682834503237228,0.9179885967164807,0.10206030333908099,0.0,0.13225563438305607,0.0633770143063277,0.0680800260921792,0.041708885786228715
2026-01-12,1.0388895967714473,0.9336803641130218,0.8833191940075847,0.5117638055794131,0.4711052945961172,0.8721152395593122,0.7755461265940539,0.9114865920704774,0.7873812937507759,0.7013083065070519,0.3888591420128862,0.34897926705779864,0.278783879608533,0.9411860463521896,0.8817785790967879,0.7823378154086196,0.09692421601976814,0.0,0.06172523494788754,0.03475660685032964,0.06282294554292664,0.05503074033822682
2026-01-13,1.0033015348780607,1.0015315746297209,0.9660867779922412,0.428813278230047,0.5126442407484949,0.7749627628121543,0.7907021661406975,0.7216034791784751,0.7978710689477778,0.813690192266176,0.33293986841830964,0.36458432328293366,0.11486106940533453,0.8698510843716498,0.8789745828281554,0.7789423508671423,0.13520740708198925,0.05647047684479345,0.07102799572091503,0.02365734020064115,0.08434768338854082,0.06769381601394159
2026-01-14,1.0563620603484016,0.9757915283333211,1.037471694986387,0.5223161073771532,0.4748021129294695,0.7172452328407408,0.7643223009314823,0.8630468661781493,0.803929935305752,0.7996441572435743,0.2994901942187477,0.3889160453359911,0.12793246001329733,0.8803886993539859,0.8733102030170397,0.8059332084861999,0.04874104027779122,0.032096866521441274,0.0768277693187302,0.037724925513224955,0.13614149416845295,0.033346177899436655
2026-01-15,1.0233754671126023,0.983616345281902,0.9857557966808712,0.45967005478463135,0.4685966958137313,0.747747814520685,0.6674145832540399,0.8683953725360486,0.766096423575325,0.8085088471595967,0.37951094028108895,0.256679193067028,0.25549848215528503,0.8071594799029917,0.9003603530188186,0.8493623676491705,0.1508488524118928,0.0,0.007363606915486098,0.10743711749113714,0.05854776760937526,0.03399573774656279
2026-01-16,0.9570353768558381,1.0501378912652302,1.0098895040970925,0.43586826748697394,0.515572641715172,0.7489477419660839,0.7310995361576067,0.7573920597017203,0.826606468694072,0.7768936462413778,0.307964889191482,0.30069491046662555,0.2678381578731982,0.8660510342824009,0.8732372216684711,0.7716643487344925,0.12331643860852083,0.053276629041502536,0.14308792471016837,0.013399603354714282,0.044347981456430784,0.1089916164877194
2026-01-17,1.018437539204125,1.0269057718501964,1.0544608748355397,0.53569100682412,0.47990037099353977,0.8026086659328767,0.7094690660009804,0.9114636805277987,0.9457122324207711,0.8332176837119966,0.2985958462447984,0.300563884830933,0.16275085306371795,0.8996216351684425,0.8268771307572924,0.7684519201433935,0.03415374631835269,0.05575656837539048,0.1595796807091283,0.04685966384280223,0.12543598116612892,0.10047603512214431
2026-01-18,0.9520558699585501,1.066869905372137,1.0663843066133847,0.5120822260838376,0.5122052194489176,0.7863074747226881,0.6875108111024196,0.8497745141472659,0.7111506680336963,0.8466319421495561,0.26698499419890054,0.2950963215733746,0.16839570885955446,0.9465188928811447,0.9389934806261389,0.8528594635120683,0.16041314127402503,0.09722079342701363,0.06493279251180792,0.059167110699921054,0.09837752079955678,0.06387052867180441
2026-01-19,1.0439225150653637,0.992274716037505,0.996543103263693,0.46930115993035515,0.5136602011426061,0.7831584016179705,0.740232051285095,0.8485569503411456,0.8162006262094991,0.8241991146975765,0.32909252196535393,0.2675368540194932,0.23081176982766566,0.861438491688268,0.9376436083574441,0.8189319661919018,0.2117046540398866,0.05683011415063504,0.11741015079724094,0.1280175464937229,0.03395100798081389,0.12595545350114642
2026-01-20,0.9975037044506874,0.9652028694164648,1.0676792944784699,0.5725589424510532,0.4430285499454213,0.830985098274124,0.8662477839690816,0.8014011093512938,0.7619904955690547,0.7869585770797709,0.323830148366199,0.22572189983844643,0.0836450101527345,0.9828688060116249,0.9421587155011335,0.697763586849759,0.1500916984774704,0.11141971841671923,0.08672297626853818,0.03498458708818434,0.05025932243295101,0.02067771188867915
2026-01-21,0.990756881822737,0.988807059155975,1.0046063329217054,0.47796737892151286,0.4759379438067294,0.8169937680596352,0.7977781916147824,0.7891386920890662,0.8288701288759626,0.6946155306192798,0.30073400699448555,0.3046339723014502,0.1069403157747222,0.86577219879101,0.8229632751867959,0.7387304100265446,0.17134923836132349,0.05039970147744067,0.11641369810405153,0.09794033280054805,0.05976904579693993,0.12114867243146904
2026-01-22,0.965953522779803,1.0121248395635611,0.9581300888086269,0.5016053836985467,0.5718888469958231,0.8158023935322144,0.8645281881160587,0.7895295586480197,0.8023278736663931,0.8384618104018564,0.2605006823066198,0.26158221702260437,0.18596332995746442,0.8658454099207413,0.9149459076292076,0.8750617931913606,0.10426856908012941,0.0442332502596332,0.06862113793944855,0.11159897016325111,0.06809064723024914,0.06712577217677752
2026-01-23,1.0611270669337016,1.0088286679226854,0.9702799823900632,0.51344567238393,0.4418960243632856,0.8204914228664347,0.8205491288450438,0.819526529815976,0.8380927387021232,0.8610864333108796,0.3064964927083037,0.30429967403738123,0.2774945283064563,0.9768678775948901,0.9337989427903461,0.8200964141539406,0.0169247540130745,0.10321560931235912,0.05582874219561821,0.04681228675046759,0.0,0.2035513061107295
2026-01-24,0.9922735258965599,0.9457805963883317,0.9259731743717492,0.4690167032935693,0.39416727755147346,0.8308067334001119,0.839127941285758,0.8700593137516949,0.858775328825439,0.832227920599199,0.2965100607118931,0.2602978229150573,0.17821349559166302,0.9105730076181959,0.8484398965780208,0.7618902034481376,0.007793977441623759,0.0010779559979282732,0.15260374430118714,0.03946405104616188,0.0,0.0
2026-01-25,0.9785836088918446,1.0045244890813938,0.9555933073133174,0.5235568146699965,0.4069077423378744,0.6946023329111279,0.7549551502347713,0.809065710893071,0.8096210558884092,0.7560178786316247,0.23332628406328992,0.2450170827077829,0.20504683958675773,0.8723987635494211,0.9004586624091064,0.7914795171382509,0.11275410219338793,0.1907223726633081,0.09680647074377538,0.03354731639758919,0.005630498899877309,0.005532737389132923
2026-01-26,0.9823933224755885,1.0114114165069452,0.9820991655962785,0.47332738264176377,0.5014554973288334,0.781778087386777,0.8261975477096336,0.7544278188431355,0.856602614420709,0.8336897196833879,0.22640938243379072,0.3117149180188449,0.2566894636282006,0.8922433434409703,0.8941866677344817,0.8006618336400836,0.070401059613501,0.0687628739083368,0.2011054475426738,0.037208843287870885,0.001763077849432887,0.06093989141002738
2026-01-27,1.0266154592776675,1.125873701876696,1.04017925096893,0.47941808388918955,0.5015458639016349,0.6909894967755263,0.8364357117037173,0.8412213531192491,0.6827851053105661,0.8430264853980723,0.32825766894048847,0.30754607634032477,0.3053442366639073,0.967653678877103,0.9921075329284132,0.8367866680140083,0.05427118608363243,0.06904146264188366,0.10231549823970701,0.09271199302884164,0.017808799301374877,0.0598617026489496
2026-01-28,1.0182722032182039,1.0938422305640836,1.0860384915582992,0.5681321319901671,0.49411945722874395,0.8018029963398898,0.7711676353883155,0.8460575373197396,0.8795226148958012,0.8779408123899544,0.16990558424741553,0.32896409856604664,0.17115757634258438,0.9733101409812841,0.9962248018506287,0.7320868302570606,0.09686266580156624,0.07625479869862989,0.05369609798247539,0.0615504988627757,0.08173553210450021,0.13750694920875092
2026-01-29,1.0206366305797994,0.957337832472059,0.930890924231148,0.44797069737437833,0.5607094914464251,0.7997683513887828,0.8279770185308084,0.8327329764223893,0.8187531075946171,0.7561945037886022,0.310270526348063,0.40929318832088124,0.1991581638133287,0.8591603410364872,0.81678218033349,0.7579525430664771,0.13077926439306442,0.14385682376658213,0.16134704382179696,0.06176448545849347,0.04155354218376309,0.006581265835023303
2026-01-30,1.021541050150394,0.9856308319225412,1.0196413734129959,0.3793609834535255,0.3663582783448531,0.852276613739484,0.8283093879287416,0.8372749453262491,0.8538921677872592,0.7886772707727931,0.2760958471123088,0.31386447656054234,0.29110276106714217,0.8978783094960446,1.0246963502863995,0.8136477877431695,0.02736212266189264,0.08962537058363033,0.131540008207301,0.0,0.05981973025050942,0.08524592593469421
2026-01-31,1.107082380043523,0.9268278999081498,0.9479728030421233,0.5805468497505948,0.5197966937215411,0.859381719636056,0.7725223689434959,0.7864535934921096,0.739006212757924,0.8373636025571728,0.3654123303439955,0.32425408835320646,0.12389003624042859,0.9045078413833787,0.8542387139423339,0.7950082709752275,0.07755611898598076,0.0,0.13634364318482117,0.0016254961312382743,0.0,0.09812315023409979
2026-02-01,0.9796792491807692,0.9704646493018256,1.0237348544231601,0.6274663976303502,0.5780719100901787,0.8101387524126185,0.7438615783864503,0.753550541643471,0.7584615059197333,0.8028705035719079,0.2753265895423062,0.24612193355663373,0.2513790535276911,0.8506879944741701,0.9490336647163713,0.8285929591318355,0.17549353415601576,0.12017351923837521,0.15953003394339593,0.157172341238849,0.026917889853952742,0.07523239161103237
2026-02-02,0.9743878635464231,1.015780250179517,0.9934456674656137,0.4797365367275334,0.4436109617554143,0.774981946130155,0.7407935834050864,0.756590328467961,0.8072969147072387,0.7441336198974363,0.3329742107125948,0.23565462797318126,0.1490842233819371,0.8972157473675003,0.9485248990431866,0.7385246301320202,0.04623558098893127,0.03295517102774914,0.06736018530771028,0.04110871373556552,0.07936288308724203,0.0
2026-02-03,0.9593113635876062,1.0602926810444118,0.9084547087076235,0.4031580979689907,0.48100967441050524,0.8242580556272869,0.8043252770960732,0.7182268375771071,0.7991481055331269,0.8207308142513352,0.2801543079381104,0.3791414723386667,0.20512361835515786,0.900266143022585,0.8502154886579096,0.8178564338135661,0.14348805935824782,0.05535775364196618,0.09363733455073563,0.01126140022108199,0.07974762290884009,0.1103879402627099
2026-02-04,1.0307989711287748,0.9635458081128195,1.0464148495784242,0.48447580119020284,0.46235540413856896,0.7736041181337844,0.8163504934394658,0.8118474305772976,0.8141534294004995,0.8289330816907584,0.3056874076743072,0.2538260110033348,0.1878690476299863,0.9570104739468368,0.9246633896919549,0.8545791809688736,0.0757634619225503,0.0,0.09142750842561034,0.12155495827946487,0.013771308590604603,0.10146624656577069
2026-02-05,1.0564486146360446,0.9672926779966102,0.9697499643595634,0.48568885250796656,0.45528269769612356,0.7999303674278326,0.7603737084771043,0.7958275608386703,0.8542257580464984,0.8043981448165501,0.33684182654600253,0.24780279642656788,0.15209941996493853,0.96037125141556,0.8946233127866968,0.8243409273574642,0.12728968799249765,0.07631010090619479,0.03546267315421908,0.06409042743417762,0.05808311931897768,0.06997922598951888
2026-02-06,0.9943026271172563,0.8926355485130673,0.9733049880813223,0.49050380794888715,0.483686899748848,0.8493068158480385,0.801329267066305,0.7780006147735146,0.7117389842348576,0.8109792463589972,0.276872214183771,0.29804505393917236,0.15084490361708625,0.8835395300820497,0.9277165002316196,0.8069555869880797,0.15486637536014336,0.017431285496622394,0.08682049249208783,0.07890774584322609,0.1599423926741166,0.05021738436044771
2026-02-07,0.9579921761518736,0.9918667039727547,0.9465123794355155,0.4443305979039076,0.5713742641842252,0.7721114327005288,0.8285268518069243,0.6522190587827466,0.8486909535858655,0.7870647049157136,0.3498277442249202,0.2954903793311306,0.21382071821268772,0.8893023428069594,0.9115336151190313,0.7952058198717015,0.1370640883492511,0.055008481899673695,0.16681897289384123,0.043097646235923326,0.049120103537218095,0.051305400502218566
2026-02-08,0.958775939215438,0.9468792794070219,0.9672858361656222,0.5289780571238238,0.591869333774376,0.8402839319621251,0.8309095357332651,0.7376341265152916,0.8004140954978964,0.873913946785803,0.25031510614467584,0.2548746746778354,0.24977696640813413,0.9332146151027818,0.9598169742685123,0.758257442361425,0.14545798011069383,0.035795049731960855,0.11186690518969236,0.03406634547115979,0.01534065269287773,0.03606321038803111
2026-02-09,1.032529639391235,0.9735280286316963,1.0213945220347458,0.5262253687643043,0.48320303874799264,0.8338700684346152,0.8775940060061245,0.8560420325701584,0.7898109069437727,0.7549653908143662,0.31472964212791893,0.28475133906434497,0.19351318984057486,0.8707405775536494,0.9037699771573031,0.7964000703780106,0.042420323329602196,0.14625064008679262,0.03269693360775061,0.04152068137513548,0.04131188053189199,0.07203925671263209
2026-02-10,1.037162708560172,0.9561569610916206,0.9905377829531797,0.42527971900903466,0.5952530107032235,0.7522604091434589,0.8638490416099022,0.7667686999968435,0.7264442382807555,0.7706339618618111,0.3461319861393926,0.3614687858825052,0.20350565793666084,0.9294320075868702,0.8916062965286845,0.8629852926440204,0.15568298533706496,0.14911301500727947,0.022208029416753247,0.0,0.05460885537634166,0.04155674264724888
2026-02-11,1.0271577134152599,0.9952868722873721,1.016433100114124,0.5349598365847444,0.5017788238492312,0.8486947064108701,0.7499354283621729,0.8180295838828421,0.8251524334188433,0.8005492756763763,0.33300187458951674,0.2597003195584101,0.22855870331455236,0.8956046756315393,0.9548032116528591,0.7940485746699938,0.05736534426825901,0.052325658510737075,0.18323880293741357,0.04560362952900513,0.042441580965472535,0.0
2026-02-12,0.9667245146355653,0.9121135804321684,1.0180960926964422,0.6026342490972946,0.587684551335054,0.8349283172685753,0.8841793104769011,0.7304657285012373,0.6792946074484482,0.8439477013850447,0.3958222438367705,0.2303163757816914,0.151419061349352,0.851530071113069,0.9290197982429302,0.7555098005325795,0.11297708827857693,0.05319888556844274,0.09548404948724351,0.06480165385213087,0.048432264966174914,0.0
2026-02-13,1.011608066153336,0.9266477377304505,1.0660330827764084,0.508598016621853,0.4953350675173254,0.805096294368633,0.7734511747722143,0.8719352741179616,0.8324197005619357,0.7251313414952733,0.261828034134467,0.3471296810449896,0.23698462542064616,0.8521581643560177,0.9365906697160444,0.7753876455617307,0.11291230934986135,0.03132785168252425,0.06762948971491914,0.1425231616921877,0.0,0.002398187317385392
2026-02-14,1.0058342904570363,1.1064623556014148,0.982860692456781,0.4831337418965747,0.5065528913023072,0.7618838270986175,0.8522436406227214,0.7927986169972662,0.7253947082263504,0.7344851625117281,0.23104253743257058,0.32461484559690185,0.24096715485298736,0.9723529348015552,0.8667706663870702,0.8100425148637965,0.12425612794347905,0.10530031457513932,0.08630041175514985,0.054299953250260775,0.0018684762457024384,0.05110661212747259
2026-02-15,1.0109344298364507,0.9356288709362984,0.9261571091577134,0.49289983927962394,0.5182737236321417,0.7570396990712216,0.8033993313025545,0.8145020198241768,0.8026728956308737,0.6981135746132642,0.25028324457524403,0.2689740689675669,0.3301813149375205,0.8921789260428351,0.8477368609300763,0.7813243001409577,0.11684783380300953,0.03355400648333114,0.0261346122841334,0.0,0.04253323814642512,0.03865220817823963
2026-02-16,1.0435714388974096,0.945160721077268,1.0533611208285991,0.5307628383484281,0.6589426839683767,0.773116871154849,0.7793925310771517,0.9162889895940843,0.794041558133604,0.8016347612626635,0.33302212832742184,0.2208916491936541,0.1811947904720209,0.9820177046949156,0.8716138928373649,0.8242651641531571,0.05780950107376384,0.028933136267715036,0.171154757475581,0.045300728360768934,0.041736601498878166,0.05076718966443746
2026-02-17,1.011179777438734,1.0918456764160658,0.9834255913951373,0.4134664197246391,0.5425642787422394,0.8271297231645981,0.7096151570112534,0.8758220050294703,0.8584769073646943,0.7440847091396728,0.3248961467134689,0.26276883217807184,0.17709590991659363,0.8743181869642546,0.8689589307159706,0.8261421880374515,0.03250662938521419,0.09892964318324823,0.08034735312069852,0.18697520665541528,0.021690536256999973,0.06504065667730555
2026-02-18,1.0339456781535947,1.1452533584620204,1.0557296222288688,0.5082195351488651,0.4646367735024268,0.7522187416299302,0.7914217744891826,0.7846717189356471,0.7910672415493055,0.7807724944991042,0.3051128329823708,0.29726477815753644,0.2384482935786873,0.9145602600565746,0.9393099634326457,0.8444491590202324,0.14361743399808843,0.02308504523416753,0.16837007638692109,0.093318311749252,0.04114932069617815,0.008633953704156053
2026-02-19,1.0033789534744446,0.9414216685587329,1.0191688556591236,0.4804768025268595,0.5484498935137929,0.8218756124309935,0.7220308382347196,0.770338990756482,0.7652930719427168,0.8330689094945855,0.2438521475446435,0.35828360449419094,0.24095520844560692,1.019633836150912,0.9487992025147026,0.8711779736132517,0.10929172887594578,0.048112248277573474,0.10258258572236577,0.00945555280957057,0.05305074277071027,0.1132830084172674
2026-02-20,1.0144559699344993,0.9815875521605985,0.9934431234898328,0.5923912506478023,0.48190837314578294,0.7379122235560804,0.8483649617921387,0.7837227494240234,0.7746698652014399,0.7679228639608577,0.33834336466645304,0.24817090125651714,0.1732456423311644,0.847130662766836,0.89224348552338,0.8497929362186181,0.1574688420478909,0.0,0.171476598728422,0.07955532572152785,0.09447067282622627,0.02661445864762628
2026-02-21,1.031564411291927,1.0170777775470254,1.0174387947023147,0.4912913633097521,0.4755124908549395,0.7897965707780576,0.8758396328569624,0.8254949124238268,0.8636441384377332,0.8115641011371683,0.23876476111747297,0.2957740059244263,0.17984186615349756,0.8051092750050112,0.9715459509412177,0.7532880467926021,0.0977633532906066,0.08520951725615836,0.11283472495215427,0.012899328755512987,0.04503941323869746,0.01832865076092455
2026-02-22,0.9271422090072167,1.0864348822202796,1.097550628006315,0.583394380555976,0.5454300679946056,0.8054823877287005,0.7601544505351655,0.7947387932874564,0.8268148484590447,0.7850331046124139,0.357947479118845,0.3337572329947449,0.22705654191090202,0.9643295065643617,0.9684234696882565,0.7548232776711864,0.029741781966151987,0.14704334695909344,0.14266163314345381,0.0,0.06995516026491266,0.06411931186662262
2026-02-23,0.9840164391821349,0.9506571460785881,1.1038490264526877,0.4448129651108996,0.5015542793885577,0.9222565072529458,0.8150985371259636,0.7802377927498264,0.780718500923842,0.8336057157548219,0.44287192115699325,0.18093663299390395,0.15862078796326695,0.8586595447303463,0.912169945820027,0.7962114261770088,0.1483064840502053,0.0860612686399896,0.13595465230441683,0.03258153183829639,0.022919984928303952,0.0
2026-02-24,0.9764813672853603,0.9877361077028946,1.0034690567566389,0.5293629583401396,0.5139287957255902,0.7311342172239816,0.7637304238996012,0.8733590625354521,0.7881776790017744,0.8237564033674005,0.3183225573285775,0.351689308396945,0.17947330059924926,0.8989646817946884,0.858905411422848,0.7774412321380293,0.08148146951694465,0.12308995837736525,0.13116455331259855,0.054576321961943064,0.0786047861799241,0.0004732775138540299
2026-02-25,0.9680561075878329,1.0388668788030873,1.0080095296658538,0.5159700131895615,0.5006992610932646,0.8736007283245067,0.7685757634931606,0.7942895054111082,0.7216411454707277,0.7654033151912696,0.3291554067828871,0.24087747138967813,0.20447963836842176,0.8707040894774207,0.978768832471777,0.7430836636519529,0.11710017287105107,0.0076948931911334575,0.11739672385913553,0.0,0.06878651488061784,0.08905363993459164
2026-02-26,0.9862428874386658,1.021738303723331,1.0538120078733193,0.45654763760676087,0.5168291563302717,0.807492120699364,0.8387247351932686,0.914979454651866,0.8194237100425771,0.7915674123299774,0.275357011555222,0.3165997746728467,0.24979693424111293,0.9134081390477659,0.8969491324485797,0.7779154102913504,0.06762702857602404,0.06181621410141004,0.08835746419422076,0.0,0.09329085015899098,0.0
2026-02-27,1.0747470655617197,0.9811921964384951,0.9577169483616327,0.508869805731847,0.5212482948718075,0.8205585959007982,0.7980730869078294,0.8045371281876087,0.7120092146152268,0.8521871698860247,0.20948933394565916,0.31233415748053717,0.16977006919102297,0.852473189640713,0.9063082598215487,0.7762743533190481,0.18221508551168453,0.0028420037815305235,0.19577173457864303,0.05051677815911774,0.08567302312222438,0.0958787098466578
2026-02-28,0.9567084442153378,0.9933088517741979,1.0166535186309127,0.56062594184158,0.40315165336472925,0.8059173956694102,0.8869824020965507,0.8892659197112365,0.8375898232917729,0.8196688435127049,0.2698640318484889,0.35422931957319226,0.10788077689846641,0.8910029956058347,0.8830197487196716,0.7664076130119397,0.05617175879084016,0.038611722720932856,0.054653150745204965,0.029591341200552294,0.0794367811440573,0.11555682831795674
2026-03-01,1.0484139177295742,0.9312552095815009,0.9987068576023072,0.48381041478566994,0.5333286334304767,0.8222363409097617,0.775888376064854,0.8178659711355314,0.8064310796245633,0.7301518971124434,0.24535523794506253,0.327546219044677,0.10417012662408946,0.9224907663278268,0.8555104836851402,0.7842105256922498,0.08312851229469127,0.08861057386762525,0.10021538211715798,0.06974056355730454,0.04507912956711099,0.021527233108812584
2026-03-02,0.9158565114192098,0.9880913128012667,1.0156954105728777,0.4154018675415118,0.450899029008485,0.7923157447818991,0.8499668166237245,0.8481480286624724,0.9193475899786961,0.8327809030585692,0.2276497711792492,0.18113547541350095,0.13702934666469335,0.8495845556862869,0.8265680284842354,0.8589225425159166,0.10537243513486583,0.055091030655164935,0.10074429376037977,0.0,0.062246961352223414,0.0545906383713155
2026-03-03,0.9832557485007113,0.9866806254995523,0.9583315597025297,0.4991218586761277,0.4278850432220294,0.872702509072873,0.8048706706478892,0.7637694474241138,0.7449932223137847,0.7457694688781882,0.38611799709978245,0.26076103764220043,0.13434161409000314,0.8649957985177056,0.9316434161778644,0.809961902062462,0.045390883645652094,0.0,0.12012203766717608,0.08570568742766504,0.10317544642257633,0.09595435424255133
2026-03-04,1.0081376532552502,1.0116084944813128,0.9205216253345515,0.45487884526037436,0.49707943780706587,0.777176442788764,0.8397889004872117,0.7573120388706295,0.7948668954479684,0.8706256534980503,0.3136431259012886,0.306910256467664,0.19226946206900455,0.8826308583200735,0.860829947305169,0.9235904538027735,0.11652597642937976,0.0,0.07852636770527495,0.0,0.01739627152986028,0.016660540597824014
2026-03-05,1.0293111165679638,0.9722336390590492,0.8963508282004354,0.4828829530668059,0.5041990501657228,0.8566117286089624,0.7776421171335027,0.8229852977507495,0.8899143850461532,0.8512049419920513,0.31898437903069915,0.29025100569401063,0.14055599232011975,0.8285592282886861,1.0529765614498412,0.8085254093009825,0.18059552387337452,0.0,0.11573731527947939,0.13213671509688152,0.018579611065156723,0.08338877602630908
2026-03-06,1.0355613289896428,1.023576926127257,0.9441307943505196,0.49592061151574396,0.46532469177138597,0.7677816439893489,0.7975220581224209,0.8494276621232658,0.8595694820145707,0.8144942737959201,0.2845488817401875,0.3238805364878385,0.1648622520089398,0.8788719508600626,0.8456963208693761,0.7854967113031375,0.07547689196531449,0.07457262949697951,0.0915578707398517,0.0,0.059071569897518106,0.006442560243466421
2026-03-07,1.0396673617599963,1.0506357908909914,0.9770662357530333,0.41471738919922413,0.5415515928833987,0.7969874076799357,0.7942250560350533,0.8020128251000231,0.7651893974210051,0.8078616421718097,0.29135644587782816,0.33946832778348524,0.16129570575089752,0.9059398269951451,0.8371308762509315,0.8002066441327433,0.11975714095158628,0.1531947267828334,0.020902374128105042,0.0,0.07076398451327268,0.016119885333341032
2026-03-08,0.9825637463875782,1.0077714663834234,0.9853404206675619,0.4192170830339661,0.43289124168145465,0.746401872385489,0.7581971442577107,0.7356803332458152,0.8111983714186725,0.7895483871986291,0.34822753411196666,0.33042258682148395,0.17797460695760034,0.8800225529205786,0.9255069357806721,0.8128245989221771,0.0,0.11812291220001064,0.10047761431284233,0.07086854015159147,0.008794675036799773,3.3176783751309724e-05
2026-03-09,0.9768824103667716,1.0175878204199602,1.0968615581214758,0.5241033417762763,0.47965281256137204,0.8227511860173761,0.8331040767290877,0.7319870816855337,0.8000999678207544,0.8339261975700014,0.2983831440652392,0.2892862528722767,0.2661252165761561,0.8864311753534138,0.9764656739483648,0.8217626978585533,0.09805353997575797,0.0,0.044971733348492415,0.13321166257488193,0.04626187182933458,0.05713235995974017
2026-03-10,1.0428987940628578,1.0026577673788934,1.0552996684953648,0.47386406519151597,0.47075629325334994,0.8722562978463267,0.8325124502789183,0.7286431798906879,0.8140977933697079,0.7814610915268969,0.3265346969012366,0.20768314944397598,0.23309737947152584,0.8990049164546707,0.9032294828471611,0.9038355662929513,0.08434788570368973,0.1210537969034892,0.013280711877554946,0.06575215180580854,0.04530006128856076,0.09789845262827748
2026-03-11,0.9904347837559192,1.0000042196545706,0.9518954441829186,0.37176278290897163,0.49767063648303306,0.7961321910089574,0.8296777347452784,0.711618894353031,0.7650659782007585,0.8117784935319947,0.2901997851077492,0.2772259375572591,0.2008064707638002,0.8672128268783843,0.9286121210093637,0.7577339767511216,0.059075119879480754,0.09682002085073237,0.10684366603446925,0.07814289600911956,0.0,0.030794353394141785
2026-03-12,0.9362156838331039,0.9639220983228576,1.0173854226225478,0.5392422018304067,0.5139432142323619,0.7901557150648045,0.8768482826958823,0.8054742679723544,0.7955339798649633,0.8435967183259726,0.28289235546339764,0.3208184074069477,0.17694868597095811,0.9345531282933439,0.8078226291270645,0.8429523029088868,0.1540725234814266,0.0,0.12439416710097834,0.05087684508365293,0.039020300537062014,0.0
2026-03-13,0.943335639299826,1.0158247130836655,0.9796460881824838,0.513618487763712,0.4496053525188228,0.7442691518466037,0.8724672400618152,0.8562521960854013,0.7200973812361644,0.7719096728237206,0.22965429171990687,0.2454776373724761,0.17833836716884896,0.9717989062400888,0.8661244227154117,0.8103875298807063,0.0836878159188086,0.034839919164475125,0.12633490210522882,0.0,0.04213410835757669,0.0
2026-03-14,0.9540273856999194,0.9951356700793256,0.9857818080979952,0.4643062587981758,0.5362141338728114,0.7885353673223846,0.7812527655075433,0.7993292106537596,0.8067561725934042,0.7691903630004653,0.2011125468816436,0.3315637365060788,0.21638732349759748,0.8767809803902276,0.8463192135431217,0.7214451128714692,0.09112612564532063,0.10477612057479048,0.1283585353509847,0.025493082588031037,0.041985352858849044,0.059729971068527024
2026-03-15,1.0248580372026883,1.1046584154465298,1.009266282470769,0.4341584894470879,0.503150118416735,0.7203602870139236,0.8186526159217089,0.6869792621331074,0.8225010336710916,0.7402817259637771,0.2869219049466799,0.34541966486336523,0.22920845366761453,0.9242599115738854,0.805247707502606,0.8385349391047382,0.08114035626054644,0.07752167554673928,0.003370548952969482,0.0,0.12079571372886341,0.13220582066971348
2026-03-16,1.0071212868035282,1.078667745123762,1.0309585558487697,0.5417903948157169,0.4054026873344045,0.7543561006640587,0.7688199655370894,0.7904619769832726,0.7886290293678059,0.7467763626936914,0.30282483459966164,0.30634334881479214,0.15461912469497,0.8880191422282677,0.9058490117011944,0.8633811780401953,0.0041592064117461774,0.0,0.03194915360462652,0.0,0.0,0.059686249965719876
2026-03-17,1.0345242677033883,1.019292327627825,0.9830370758057992,0.5174675311280215,0.40207042798014847,0.8113393023054568,0.8011677658057278,0.7918600501683697,0.7192474554707606,0.708580234427925,0.23569349816456042,0.14681100668438019,0.2018240377807116,0.9182743672519252,0.7878586189194783,0.7571411798111285,0.04340067799615195,0.08053710778980971,0.19867607184068356,0.07008744596598733,0.008768871439769364,0.020655172467437366
2026-03-18,0.9786373676831733,0.9618471395152616,1.0531925766367178,0.6191301141342037,0.49938403535353443,0.8659506598870699,0.7700125275440568,0.9047999375112721,0.8494265931425732,0.8364914394507765,0.29827625674826835,0.23609558186440982,0.09841902156684866,0.9782889765601628,0.8338902016956276,0.7995533066054015,0.14805467430601083,0.0,0.047639561996148196,0.0,0.0,0.07830919834251421
2026-03-19,1.0079269845538357,0.9443794264008291,0.9429030886928798,0.5210094299362469,0.4889516341106823,0.9404605430614752,0.8810035154568026,0.7271431043540222,0.8182262518996402,0.8904457271041386,0.3026876281495251,0.3943094579278041,0.21058568920852985,0.925432977150905,0.8731403102993291,0.7137322868996149,0.0,0.03885889121213944,0.13054205155683446,0.06597770033616807,0.025954166691292968,0.028025068220662683
2026-03-20,1.0312795196983668,1.0595571476544432,1.0003169531181135,0.5193851570631007,0.4948289943212683,0.770670745746455,0.8181849075171482,0.7804661198700402,0.7636992451149512,0.8712664471735153,0.19219959969703104,0.2726731103485811,0.23810746209793432,0.811329273059516,0.8584357082024462,0.7370596770157832,0.061684232519214725,0.10689783847000245,0.06565311891670769,0.0,0.030217822293699955,0.02108573913178968
2026-03-21,0.9845326730139881,1.013137461257357,1.1298836863297916,0.49165360349457177,0.4986008771734891,0.8717650078322721,0.7890985435947789,0.8852926340272282,0.7859699776580968,0.7186957755686743,0.2542437670260249,0.2007928388435502,0.18599656865595623,0.922699781572348,0.9198204251103534,0.8524014788808627,0.08001399718551182,0.050919710778565996,0.10398363696337823,0.06481915100583774,0.02450114118328719,0.0
2026-03-22,1.0228387618778705,1.0240071701695805,1.0111539871312638,0.5408387933600396,0.511277991975509,0.8121876240200825,0.8596809285928189,0.8224989170673275,0.724966529860908,0.8362427335778101,0.32036319468677343,0.3617623694155136,0.2908263498070053,0.9616431871654505,0.915279009595124,0.7766791746996283,0.18718109336457828,0.025053122501902707,0.06833728988632029,0.025565871551851874,0.105383866974188,0.11042244221231778
2026-03-23,0.9669037029466674,0.9127707006512904,1.0716607253303085,0.5312542600624077,0.547382480492415,0.7924376176626813,0.6914692295102295,0.8281656536758213,0.7487294936111049,0.8711053174961778,0.3193529364697872,0.30066777957718366,0.1559380776281975,0.8889201915000949,0.9446899372967729,0.7445598512530981,0.13843018827481846,0.09446731268861747,0.12807705773098224,0.12033077668253223,0.09303087611684817,0.0
2026-03-24,0.9818473076717464,1.046371924077909,1.0045760089086604,0.5625862504282597,0.44444475495412206,0.8216297225863076,0.6992948702567355,0.805729221851194,0.773109432682143,0.7771595009630669,0.24231625418001196,0.35524702444788625,0.21087202076516307,0.9497817403058917,0.9376191866356339,0.8114730182229215,0.07214147364734502,0.09873759075432909,0.10683870586583497,0.06618594477895326,0.05389283621336521,0.07989296001396347
2026-03-25,0.9809131053000836,1.0227210169107182,1.02903885476649,0.47393385406813576,0.44140142035496027,0.803095824183998,0.8397919327609887,0.8164971769328633,0.8614210406140076,0.8050723715325026,0.30792240252498676,0.31384793376096826,0.19820876266670223,0.8654942229424027,0.957040639468069,0.7738793784284489,0.16522568485577754,0.11550198464334752,0.07758551131778832,0.11178914464970707,0.031469347323006894,0.016812753110123153
2026-03-26,0.9402080177205481,0.9444784657792761,0.9971608402803654,0.47822962635280186,0.44533380710563086,0.8055197862806109,0.8030234224058684,0.8388804765139268,0.7680248304556263,0.6996053474597665,0.3511203612680236,0.32292795681060843,0.19498511662782958,0.8257230420238864,0.8999040799995474,0.7764589171112233,0.06297420897494402,0.09371712142231937,0.047491394015964486,0.012217664178740373,0.1013094834053432,0.019482963427419363
2026-03-27,1.0243486240392792,0.9764237596275025,0.9914796209417898,0.476044841454401,0.5144458333584353,0.7795833418586666,0.8125223150130381,0.7595256840553617,0.832010682966438,0.8133368083988322,0.3388536479495449,0.3181504623857258,0.19428389159976261,0.9070584509416321,0.9151733450408335,0.8369663012837452,0.15045499018670028,0.10406873969685733,0.11338870987462556,0.05280716701220837,0.04901210700820742,0.12461575780589063
2026-03-28,0.9765298829898638,1.013185860217826,0.961025880163729,0.5395400860589494,0.5622473689323223,0.7300945170100575,0.7336801948340727,0.8439029289454101,0.7730841898569211,0.7468220135282642,0.29523571064930326,0.33487441559604997,0.2053552515004736,0.8121761639626843,0.9255756850959596,0.7419133320532827,0.03205613770384923,0.08664542787187673,0.0393640600478705,0.000945642094186086,0.00908649805407711,0.00429344538999743
2026-03-29,1.0006247059363844,1.0026233399178122,1.0215150679478777,0.5749187220148366,0.47843302808802446,0.722818739873896,0.7988383144574818,0.7313498491557231,0.8123973780425938,0.8099817508955758,0.2766011843337854,0.4138715224278049,0.242397937173185,0.8880114493553204,0.9070828348695513,0.7547317393659084,0.15366289158945787,0.0632764324558236,0.12137405210604194,0.029319737862779097,0.0,0.005996542298579488
2026-03-30,1.0240373329452954,0.9853914407098222,0.9574231405407116,0.47705797534253497,0.37491500779201725,0.8326622441640614,0.9001754705200672,0.816418398641577,0.79293022489281,0.721939853890556,0.2685327757832748,0.3485503167979594,0.26888681181373725,0.9643421131322751,0.8801402845041463,0.8077039996074434,0.07969331772645072,0.054475449988190705,0.23132424545184502,0.03689478886276855,0.027934275305215868,0.033480288054023484
2026-03-31,1.0223265588014971,0.994825586596702,1.0332792618156714,0.47876131361034546,0.41480035686948125,0.7861649954957144,0.8412099809897932,0.8089370481643164,0.8436528300046372,0.8271429112238798,0.32339098914548287,0.22098303410772324,0.19988748777479215,0.8045118547126859,0.8833778732830115,0.8484704895374103,0.048574787952936516,0.038137014045129904,0.16750850256310063,0.013707088965643037,0.08773218085863044,0.06069236929061191
2026-04-01,1.0332692554486393,0.9874011310896558,1.0542643502222955,0.51570386119349,0.4583481638601994,0.7701955550171917,0.8084853272571406,0.7691853455903946,0.7732594330890722,0.8512256337713345,0.3097551986571444,0.32233307576394515,0.24076580360858169,0.8360251602043052,0.8591220800835018,0.8619080150744926,0.0891428193461843,0.0,0.13591739434470815,0.0,0.1638269344771545,0.017907210885356527
2026-04-02,0.9950757257745289,1.0076281256051234,1.0183265703618616,0.48771192499935495,0.47211355562523927,0.8004252813361578,0.7780473044947531,0.7988657362337177,0.721373587499878,0.7608410069142416,0.33147020030511,0.3570740384051609,0.1649116526866609,0.8483983877419211,0.9210808414954915,0.7667469139819189,0.11386720898601074,0.0022344245590095596,0.09571963511294262,0.0,0.0530805173094738,0.0
2026-04-03,0.9788350843977923,1.0735745986496579,0.9856875633222154,0.5476026826569945,0.47958056863726367,0.8397466126457814,0.7802713574065303,0.7688729923667224,0.7309025484318185,0.7431538709294783,0.30659369065605757,0.3601350403268073,0.23829777263631166,0.896834007014452,0.8952992412957422,0.8468688483459824,0.0752625784737144,0.03589927590323952,0.0030623686498237324,0.0,0.011732224243984783,0.0
2026-04-04,0.9960140894546801,0.8716670779534351,1.0226982789654349,0.38741113546904765,0.5019290561490458,0.80901819715132,0.6935401055399991,0.7464149336569128,0.7734061253028621,0.692198847872501,0.3409381975173721,0.27866975084704504,0.1619004238086505,0.8817141607176896,0.8668413124681618,0.7607928853264796,0.1276976752997662,0.06207260798012147,0.03388568020499079,0.0,0.0,0.10406669282322598
2026-04-05,0.9156332783020985,0.9881574867745158,0.9845663472226793,0.45866474765415527,0.48441268345887767,0.7671972531679516,0.8128820210460581,0.7823192629193179,0.7375470014660974,0.7866793232962412,0.304729626647885,0.35824722225940636,0.2545329968044066,0.9699568190848044,0.8668877590337704,0.89131046734534,0.07085030581679663,0.12204062990021317,0.16413964280513568,0.08137469483359222,0.07759774481527995,0.04373883945677557
2026-04-06,0.9276443763788457,1.0088256210686224,1.0467773562732574,0.4608791833019277,0.5524669805271704,0.8613146477824475,0.8422741554240928,0.7448005682314169,0.8205106007839776,0.7709203032859198,0.3392344358065843,0.3463871199775602,0.310532043869662,0.9477174164545848,0.8394800636108606,0.7433114487290137,0.13101861969656792,0.047910138606224374,0.06051219599376101,0.0,0.0,0.06255436418519111
2026-04-07,0.9338650193822798,1.014799699484355,0.9084296957892438,0.3839821993806928,0.46619913471593155,0.8789592751490817,0.7212190336414692,0.8161398732046624,0.7767115917570961,0.7224490293825974,0.34354113851833196,0.4286258718484865,0.1938958056014304,0.92476364730343,0.94894206706186,0.8664239405395866,0.12211110310182999,0.1001738145438832,0.06503739509179768,0.0,0.07751725507024441,0.02692893964134812
2026-04-08,0.9501376586199259,0.9814042709339355,0.9832196315940677,0.4518180777815598,0.45688410202622287,0.8247278327661427,0.7669291553846592,0.7424957252923818,0.9187303275013217,0.8226509378156086,0.2597736684887593,0.26249991318757443,0.09037282545962957,0.9072815157171943,0.9039308834765895,0.7671756946590639,0.09695384726460325,0.10396578282160604,0.09171747621579893,0.13954492856164574,0.09088558031314561,0.0070251151913365215
2026-04-09,1.0199887113361719,0.9121639108760708,0.9004594002438001,0.4542421942077037,0.5239437769260231,0.8486831755672045,0.7421267683883289,0.8355988511495526,0.7131142702431434,0.7775014809067676,0.2095927976564627,0.2746299711799787,0.17259635333775886,0.9196614888492414,0.8568599990213365,0.9006623227397301,0.07793088438170251,0.03842766011556045,0.04689768705767227,0.018175197507587303,0.0718139726616432,0.12387847249377057
2026-04-10,0.9547260472319969,1.0163997741857054,0.9252469584886398,0.4899447672740585,0.423217896503694,0.8620979998406906,0.7517324402595619,0.740926046603559,0.8101816589354901,0.7462132020677384,0.37717464280072766,0.2846940475770023,0.26159375671446516,0.8569008822343313,0.9404273874801009,0.8295660364426243,0.10757703978826332,0.07973451056850919,0.03866156327241819,0.06605230045824179,0.03901691640307213,0.030590407147445965
2026-04-11,0.9810918722980305,1.0863675107082091,1.0681931114906955,0.5556482945830132,0.5194845852660002,0.8565049658202257,0.8026740813410951,0.7716852542209497,0.7436023488247165,0.7722713797179777,0.31283293653561306,0.27548889249806124,0.22765383935126227,0.9428605176778306,0.8719775595102813,0.749199173529589,0.12751268715168496,0.037823597913756925,0.09747629636092892,0.08211585732502474,0.07824703267734073,0.017831506023643657
2026-04-12,1.0649614148893032,0.9233069297541932,1.0447592490985842,0.48774696744046486,0.5051276591863133,0.8307049588556312,0.6957798922505763,0.7687698295892411,0.7753299329808662,0.8535652269464808,0.2142757052251939,0.2554989625118198,0.2124456799337515,0.84439778728204,0.8296749686493884,0.7738880760228747,0.20308995763658044,0.11610679470392385,0.05542352726639819,0.08312630648906402,0.058546918556415,0.09480711831776698
2026-04-13,0.9821868014469287,1.0431914006849095,0.9640259883357605,0.4484593139864423,0.49262787550409165,0.8299173523537442,0.8307135219178532,0.866257336443742,0.8070709736670273,0.8301468471877611,0.26430902513906446,0.16186622471631282,0.250433417797742,0.9417688496951115,0.9510611144609566,0.8390590602611872,0.14697102108990906,0.0817921669132966,0.06294907101105526,0.0,0.011093807906970413,0.003881982056630734
2026-04-14,1.0368757784233544,0.9835737388438553,0.9248748271979551,0.49715227293932357,0.5794138053574631,0.8259830286673252,0.8376927534966842,0.8165144972808296,0.6837314312562857,0.7934986969250756,0.3385937146184914,0.2782650263138433,0.22422267196242113,0.9593071251059415,0.8731451505216944,0.8526322208807782,0.14879949749079208,0.0,0.0609404486926497,0.038447016005025494,0.14252061611875128,0.010263632811300164
2026-04-15,0.9533191159995061,0.9969337827085576,0.8517735581079174,0.5524586810720675,0.4688896277352641,0.7451331162726479,0.7874448705981544,0.7894133098727804,0.8118413058394014,0.8309552509232426,0.2860161584433553,0.3184679029849952,0.26088625937255683,0.9105432301044044,0.8795550454895605,0.796464220413777,0.2544256097430142,0.05807623260769234,0.12611801069172343,0.0,0.032416031019474184,0.0405123342008449
2026-04-16,0.9897281221066185,0.9473550744648025,0.9728252246033683,0.45120205919425477,0.603014908526204,0.8350361578429794,0.675964574500773,0.8249359720534862,0.8951453731137085,0.7419544021806631,0.2743969290340436,0.27533890772470443,0.24597118383234928,0.8911893470519012,0.902059001017459,0.8022329140481733,0.12579792383839222,0.132405608091194,0.08839371547523214,0.1723158929455162,0.08878761502249548,0.04001350520440899
2026-04-17,0.9524988972544709,0.9832771913822062,1.1210207506123702,0.45447125580392755,0.488728427538595,0.7322093014436724,0.7501790686998806,0.6946403826335157,0.7773280850815704,0.8016185050363516,0.37004409301564833,0.3967690591764555,0.276085022636848,0.9200154954154837,0.9571294611395058,0.8379176516322033,0.12423217556558512,0.04093844827266494,0.09107140160530733,0.0,0.0,0.05298056739516072
2026-04-18,0.9830483462049718,1.065002229734948,1.0217442135731825,0.5279274479637112,0.4361491777514886,0.7602700272437473,0.8616450967051349,0.7978433205179547,0.8129903928402755,0.8073661165243236,0.24763564268080945,0.3006687906357931,0.21793980419531273,0.7569240814949664,0.9010018645433157,0.8065899213505411,0.1352007537160827,0.0723857515047534,0.12984729486544416,0.0,0.11382354413904645,0.14458345446977441
2026-04-19,1.0420154068728698,1.0291327620993853,0.9720213856975255,0.48892319421346,0.5034959790497413,0.8651782533904044,0.6611002859635714,0.8998757088902382,0.85124608465627,0.7765081745750637,0.2600923321122583,0.36455145275920675,0.24526297007469774,0.915112910924273,0.8400441436927385,0.7353247570330812,0.04955170112058735,0.07729394188695726,0.092898019588353,0.0,0.12343818723272909,0.05681241231761852
2026-04-20,0.9136339788403826,1.086615580270497,1.0232540104750154,0.5323742345354737,0.4461877399840616,0.84201100813471,0.782623829390324,0.8066173253201336,0.7918023249986502,0.8217729167978709,0.31056932375241336,0.3130710206364984,0.18464364634571073,0.8943323001080097,0.9271938502056091,0.759351298767991,0.0778049181790622,0.0,0.08608731157714136,0.0,0.051491689356331916,0.0
2026-04-21,1.021721182177293,1.0588705944488848,0.9219520823502778,0.4993176604102352,0.462412207609325,0.8743699144842931,0.7409999610766371,0.8033956584584668,0.7709519905734259,0.7609783272677775,0.3195227466026941,0.3413203654946629,0.16992695942204972,0.8974685943471504,0.8757505137869138,0.8117559971575833,0.0746915366653833,0.0755353974606757,0.12352251777850855,0.11762969548782727,0.07793855173688793,0.05631494717157805
2026-04-22,1.0118867801166138,1.0219543339464787,0.9851338318651183,0.5350831824044784,0.5198516650007745,0.7864162808156354,0.8402285150792419,0.8274064189821099,0.6862131798139124,0.825491035388806,0.32481715171703657,0.3139620776966781,0.2853383820209487,0.9353266256448914,0.9943961985764733,0.8607741208248847,0.13238069886097809,0.0,0.13340989217788157,0.17112239505417481,0.07792575908037815,0.04189399972447994
2026-04-23,0.9702925022151603,1.0871967263083897,1.004973873650787,0.44824609429796797,0.5277791044325062,0.7423875579361616,0.7662443023928269,0.8447802621657173,0.8320495359697487,0.8275929385765647,0.34556190222844735,0.3684392315951781,0.21081023381613442,0.8962615539217637,0.8999440139001055,0.8807991212081024,0.09129127188894007,0.0187187946799302,0.09264632502456979,0.026212544034369133,0.01786082151796379,0.042172501217572884
2026-04-24,0.9276971072805773,1.021949657936915,0.9956949674089476,0.4993957674605866,0.4688916149872871,0.7879781401464829,0.8201977010367806,0.700126665355507,0.7943415795135552,0.6541420059651467,0.3099289310340758,0.30279696750662005,0.24024402829311897,0.8429896571674421,0.7882482251050666,0.8389764710385725,0.10691117127371515,0.1037861483747096,0.10403038878102608,0.0,0.07735611527196702,0.05229736546980854
2026-04-25,1.0036064753856935,1.041399408839853,1.039540306084504,0.48946549928184213,0.54937025725232,0.8051015648620288,0.8282730209584547,0.7158836759104487,0.749365807430592,0.8595152851755059,0.32446919694692045,0.32480603540443925,0.20618700072056953,0.8929298664587311,0.9178682486077837,0.8143645380518182,0.15437273100742324,0.0678378145154179,0.060910488513333604,0.0,0.009568476506372228,0.03856608561626003
2026-04-26,0.9735253645468098,0.9851714523232645,1.0172322613118026,0.4392054537947935,0.5578753879010567,0.8039494358170005,0.8918112919865011,0.8105145645543074,0.8063298355138847,0.6476183717323624,0.28703953703424584,0.31831664668250215,0.1706742174540018,0.9033777742040412,0.9972298896130114,0.8374406942991239,0.14315753693520694,0.034776109612673654,0.05696584784177373,0.03779456407389493,0.0195621538177337,0.03736939534723055
2026-04-27,1.0116338105677352,1.0033272907929602,1.0334163009053998,0.42182610260656556,0.5718150878281646,0.8566840239378352,0.7898529028162316,0.7642561719051245,0.7708159821596909,0.7691975487221938,0.3031349151618357,0.28558572709363406,0.20054914462912007,0.9057466955790506,0.9787960144272695,0.7666624574896572,0.09191394984793766,0.07232305106225938,0.13845737509834039,0.034181728841927814,0.10634715716061494,0.07065221048853931
2026-04-28,1.001092607276172,0.9651288088349862,0.965581385888462,0.534287451763733,0.5264706703562861,0.7819364787498277,0.8188022184811307,0.8656012631109957,0.7735786934442238,0.8512674017128878,0.3053767090026817,0.32024911594623384,0.27179970088838573,0.9080959683642534,0.9915477144378283,0.7923384519870893,0.06650024515608888,0.04699538761224343,0.1222471031272311,0.017435193681992776,0.09873288453501014,0.01289596014027495
2026-04-29,1.0800889445660458,1.0494791967297425,1.0448907704205275,0.4824523808891011,0.568171435604285,0.8176017235901463,0.7257472260436283,0.7842412805057388,0.8303145578054355,0.784135663737378,0.3107549067909518,0.4117193123098841,0.2277620037139712,0.9519684522459277,0.8490119907309268,0.7587934639330263,0.15676373658265944,0.050628925117591664,0.12276492192082882,0.061068762698811424,0.014681224894210372,0.0
2026-04-30,0.9880322186263488,0.9410848188442568,1.0814468473811996,0.4488859859176335,0.4059600786012971,0.7505686425282697,0.8595206781646872,0.7032734632143441,0.7330808794338078,0.726690700876523,0.338626990379138,0.2864801528952279,0.11442634201347705,0.8456982723482926,0.945607619798839,0.7375628694646145,0.1386945590454933,0.08284092633600688,0.11404271743627611,0.06975865714077432,0.013321182824947972,0.1911890726311196
2026-05-01,0.9488251253689067,1.039117517120883,0.9514925240174293,0.4951910531538334,0.48410467256857687,0.8225158639021907,0.7619745575964318,0.7365993041578002,0.8523657643036879,0.7453131469141665,0.32775728409724153,0.3209732446426624,0.18923777717119228,0.9087850228082425,0.8639002730131644,0.8166774505818103,0.019687159085230888,0.013631612967043405,0.10231016379074769,0.06615416289689503,0.017720169877116394,0.004207127810938328
2026-05-02,1.0089637817478159,0.990467447124742,0.955615217214272,0.5564009428674651,0.4566497371838287,0.8001554275092819,0.7719622917956128,0.6625161990184713,0.7301156918440799,0.851345287316031,0.30221085014500915,0.3628889475434721,0.2891146896352356,0.9644964849309121,0.9112144699708462,0.8092756653292372,0.08434230305458597,0.052016820277734535,0.13482059454113848,0.03419375640157564,0.08663197832327454,0.04500714562300383
2026-05-03,1.0109998341985882,1.058562354673366,1.0667892168160116,0.38596310773140385,0.5059612930563696,0.7625093330857742,0.7988876102575395,0.7882937231358544,0.7668649295822368,0.7039247734725681,0.25954370075294797,0.357012664047214,0.18931015690750222,0.8132694251531403,0.8363523785630134,0.8343826242254507,0.10827577310083812,0.03438659026966736,0.1467554380511392,0.0,7.60959480143597e-07,0.0
2026-05-04,1.0679593787620218,1.037543449436563,0.990432800665247,0.42516806550483366,0.47142753904016316,0.7882085318912574,0.7218557827330075,0.7905807936367809,0.8961473097033289,0.8564495550481009,0.30338356290313545,0.30058582088596825,0.10997606541329097,0.9089823340390027,0.8677772117558642,0.8273055915446224,0.13894148585605157,0.0,0.1455614002595324,0.0832916548903358,0.06783563195179763,0.0458234207525711
2026-05-05,1.0417555622957289,1.09103230788234,1.0701910696033279,0.4538556779052366,0.4916921079025134,0.7907912126742389,0.8114385014464469,0.7787768645109051,0.8563677380821212,0.7972448950478855,0.2985991107552128,0.1808305648521319,0.2946524442711272,0.8707310749013478,0.8661876651318192,0.8121322135661931,0.14550507474698857,0.003977212187535009,0.09496110420270067,0.05062568797107653,0.08734234053171473,0.0
2026-05-06,1.0178435529574754,1.0365387345569324,0.9778732144053908,0.5730589433360165,0.5941087440102024,0.7864922435331453,0.8483733136462506,0.853943951951487,0.8048801996247721,0.7403802334778784,0.3096590789906599,0.3258351409324233,0.23411962549063964,0.8814644807763448,0.9449277640071309,0.8278308332838777,0.11419530005877368,0.1284103223531916,0.1693496364954419,0.09441787624173252,0.045587727485344995,0.01787635285749945
2026-05-07,1.073165144560978,0.9213979872173379,1.0727522788135355,0.5141293491459649,0.4915140101789811,0.8885670621133842,0.8146466911748647,0.8599259918258347,0.7529734892249392,0.7708442463848655,0.4103262653570201,0.18902628706884733,0.19649935705936,0.8547596248392789,0.9400359560834828,0.7978658451886262,0.12926237656794282,0.06923616572926171,0.11142303408661607,0.08950377747361157,0.10050318484324638,0.0922532332885562
2026-05-08,0.9405618472838575,0.99665234135509,1.0065742908402726,0.5383658620230614,0.5206896158595107,0.7950776998846061,0.7205551217910637,0.7914805788321945,0.7735363846650054,0.749138782944918,0.27381136107293824,0.3734968615470615,0.18142911319589658,0.8915224642149778,0.9138409864665411,0.8206445697611201,0.10320684011890768,0.0,0.13161880962828992,0.0,0.03478449152551038,0.06360047841890369
2026-05-09,0.9680124233625126,0.9413996403702592,1.0129114411661349,0.44299195404368846,0.48838653350378824,0.7878051944911332,0.793809535283517,0.6932653166261572,0.8036637657292849,0.8433112600429264,0.32111445095626795,0.30847369355966303,0.25411759648958676,0.9920627807213452,0.8324789290972308,0.7636927798656821,0.06630741559097197,0.0,0.114104394541744,0.0,0.039307219950304284,0.06842047622874095
2026-05-10,0.9536712029297237,0.9740860078816863,1.0782359010834952,0.4440232062364737,0.5037856643978417,0.695127452119493,0.8371014451489746,0.830864079024613,0.8018761616169799,0.836621390488142,0.3534231033622149,0.34998370099359943,0.17290082998869039,0.8367784819411394,0.884418028302514,0.8184852962819565,0.0869367804479373,0.044391804994470804,0.11235033537420872,0.01222296406297358,0.0011376884434071768,0.0
2026-05-11,0.9805095098422116,1.075561421663836,0.9819114761277914,0.5223906858361356,0.5003008340218036,0.7552896324010262,0.7061005617017047,0.8277680114254288,0.7954564535187019,0.7140419433061977,0.3049000957049691,0.25489444309094744,0.25741282122579945,0.8415194998760587,0.8626941758528637,0.8334208842643005,0.10094955933200542,0.12805932665882414,0.06321240048748403,0.0,0.10085886738101027,0.13184475849145064
2026-05-12,0.9311656926221845,1.0318766905448848,0.9529438952037521,0.5029137165467723,0.522416203298658,0.7868463287771824,0.7462616993091143,0.8154695785078473,0.7984583742957908,0.7798203940740334,0.41689225595860824,0.22237462633499727,0.22710976428621282,0.8349032714918247,0.9434837878347245,0.7665159285963898,0.09826603749907051,0.04066209325978237,0.1350675419172413,0.08776258879880504,0.011673977651056482,0.0
2026-05-13,1.0317575473407201,0.9650534785710627,0.9775717895985823,0.5274369409432064,0.5582653767773589,0.7657073661911679,0.843827180204076,0.8490739874654059,0.7892812445147444,0.7568407168827862,0.28109803541342615,0.31303771920705836,0.2122340962743675,0.9863709143314051,0.9589092426408592,0.8025916049496424,0.005721354777826468,0.1153499776702008,0.24226471974538197,0.06756548379939589,0.06748859088575296,0.11642804071469326
2026-05-14,0.9888888651450614,0.9493141316779801,1.022616697532157,0.4906164504535774,0.5823696998801665,0.8690853796688899,0.8135047717098643,0.7417585951769481,0.7279010632179994,0.8646754984229685,0.31620446111600237,0.29831982800219287,0.20727574026677978,0.8768830147239357,0.9528192793015442,0.7688198745185321,0.08012583325352844,0.06759653854093288,0.08126024626049584,0.10495919968926554,0.04643419664370327,0.09107719329907432
2026-05-15,0.9264596852748671,1.0016391046438131,0.9217120463909743,0.5139071863227314,0.5154810040954584,0.7917531112301891,0.8205985791063377,0.900437769309257,0.7741744628919585,0.732495044093679,0.2600597127553509,0.27542295869214173,0.1912515981642911,0.8987180469826163,0.862239029029149,0.7736746651741943,0.1028102826544576,0.07356252289229469,0.10354973577124742,0.06982434087054593,0.0,0.068866637089234
2026-05-16,0.9492210459396229,0.9391719925309436,1.031873545132556,0.5079059542452554,0.5294773443017801,0.8644222124659127,0.8929747403811656,0.7520286123429066,0.8457312026993424,0.8802114552342507,0.28242376324283536,0.3042330640366382,0.2522820060104633,0.8798608529446881,0.7630233438855261,0.7437535322448923,0.08593150040471495,0.0,0.07768973678263688,0.06043247909366845,0.019544842808833965,0.0
2026-05-17,1.0156756923725099,0.966442986130171,0.9730614341191128,0.5388883694542462,0.44245677454072163,0.8030852317025184,0.8234276389253101,0.8374611463600428,0.7315832851224442,0.7983352630241531,0.3124466955198329,0.438371794601613,0.1567328583949083,0.8527788560798455,0.8116519050934973,0.8632887462583279,0.08765881022442072,0.09687614608748789,0.07559900492190327,0.10998648901720853,0.11914361195203671,0.04757949224097615
2026-05-18,1.041906328394719,1.0156004735775621,1.0573906330366782,0.5403504140972235,0.495606162879219,0.8018613918210789,0.832894400521659,0.7156326152793324,0.7905222244230361,0.7419032796809957,0.3423152031153865,0.34172627736845285,0.11890374365848955,0.8882424676692783,0.9710813489041105,0.8532842587360024,0.12439956854022938,0.03325339813631964,0.17722247390593365,0.07348636698675243,0.06008287713172403,0.01645392946775701
2026-05-19,1.0998365445845892,1.0577656018053347,0.8802869847549764,0.4190064002804115,0.5470144732441795,0.795560177614375,0.9355372763609163,0.7534867656364975,0.7590123035614579,0.7661362907995362,0.3159547417011787,0.35247493029316596,0.23072200614462374,1.022912180286828,0.8799372530340088,0.8268716927113668,0.04605214064756831,0.09315462268054542,0.06635144911362677,0.05340504817188595,0.0,0.04145197857526459
2026-05-20,1.1456931233003664,1.030438073611222,0.9606717112447916,0.3876365722329572,0.5432984319208577,0.800189812581073,0.7893097720954755,0.8758184323362669,0.8055675214699056,0.7599190579615775,0.3629557424667368,0.34219684457766775,0.2315619164033574,0.9696035460487128,0.8624637690867444,0.8986097975971907,0.01859788930243944,0.009291500900694347,0.07629597633168195,0.12402265169653427,0.06526641436743459,0.027506387045722006
2026-05-21,1.0207204716637999,0.885435524570095,0.9156765924382949,0.5500872698825754,0.5105804866397525,0.885939750152493,0.7601058618190752,0.7869550088499575,0.7805683409466592,0.7362690798992247,0.2952517344703664,0.3739731071926096,0.22401205762558835,0.8573531091103864,0.9821330146718117,0.7905377151715804,0.08259151045816626,0.058852467375495626,0.02062535881343494,0.055759044157639506,0.042694298420272746,0.0
2026-05-22,0.9505230939984068,1.015218336451513,0.9586885266818024,0.5593862546630968,0.5443196979783976,0.6840194636624392,0.8213898199123567,0.8419961302566399,0.8738696832487335,0.8047413429865188,0.2833915735080497,0.29049641635496276,0.22038641848090196,0.9323787051530843,0.9632579972744164,0.9515881207555318,0.13820572027508948,0.06760014769688158,0.062119413772887634,0.03478296975410392,0.22270232011220908,0.09608920754922941
2026-05-23,0.8933976859634345,1.0036016786616289,1.0123832950554472,0.4489688490243331,0.524538335449691,0.6999227127780661,0.8219495514694448,0.8118477694359624,0.8253291577095128,0.7386042224654079,0.4351992553639693,0.1972619346162353,0.18397298108312263,0.8584238613666813,0.9012224360959894,0.788623529231839,0.18437765197433192,0.042298334171206674,0.014580005352332615,0.008108837061117521,0.06425619206711362,0.035944642172531946
2026-05-24,1.0133855731171917,1.0206945142686346,0.9910386687275122,0.40700822967271855,0.5600153129129661,0.7728414584471943,0.7736642304026896,0.7947520921999914,0.7344098417111394,0.6909816895630906,0.3197118824721015,0.2905706933496995,0.23937413521927628,0.811181618057689,0.8853298454468014,0.8127596675878008,0.139106411954737,0.07022725965430784,0.13159023496059646,0.08515127295227057,0.030968757646681777,0.015759980024888147
2026-05-25,0.9593529452344837,1.0808104840825603,0.9873311215525993,0.50495174105036,0.5144679578478556,0.8007263940968785,0.7483801490222577,0.8681925162466345,0.833561400580685,0.7810161764575914,0.2640259227010726,0.3405867854998251,0.19772209366227297,0.9509755458832315,0.8933949393593438,0.7801111043029896,0.026586812006557645,0.036680146240374564,0.23998486109186548,0.11185252709212345,0.12100139588935521,0.011983638358511614
2026-05-26,0.9792321369910157,0.8968380861597629,0.992040756430997,0.5465419113175265,0.48221508422144826,0.8345052212382007,0.915492221104504,0.788167058767405,0.7612674071868969,0.7098571901791059,0.26528681188759656,0.2515099802442463,0.1756443219592411,0.9580046423321775,0.9113581399193733,0.8186162780030153,0.08838163803116145,0.017547012347936035,0.08166606031747389,0.0474706299283285,0.0,0.05792297881833841
2026-05-27,0.9693951600470097,0.9704448287404447,1.0101694120309972,0.5898797261217157,0.5167920628466511,0.8236543599013738,0.8163421735194012,0.7109630946218265,0.7711501814311233,0.7623919565966241,0.252866004273433,0.2911817024755335,0.18440543438723,0.952302612552395,0.9800023640659804,0.8417807463943123,0.11283171905407648,0.13027416913969825,0.016662103350488136,0.11539578118899194,0.05471600781905488,0.0
2026-05-28,0.9929604556791808,1.0295453161396677,0.9495731979028446,0.5258148786050726,0.35347028120736124,0.7807877043559716,0.7633857309298963,0.7598379954024148,0.8156909510053562,0.7545448555698322,0.3468284677928394,0.26541151284988435,0.30103198493879163,0.8765067375390214,0.9211233712118614,0.7943041803473458,0.10887955584617962,0.10244764331807212,0.14499998322148666,0.0,0.14972142473405364,0.0
2026-05-29,1.053299011539382,0.9209202800273029,1.0353424820449526,0.4814141651707152,0.5191442868192525,0.8509521846620882,0.84579651511398,0.8275595864350848,0.7754126290134933,0.7564391963987094,0.2817811353553379,0.3751014625921565,0.11325119589772836,0.8916612132999007,0.9363014516519571,0.8888359923558811,0.1269652276471437,0.011956762747591158,0.06365375205349216,0.047227331259604266,0.0441900357820123,0.060356490160413806
2026-05-30,1.0078524283722672,1.0737974524026754,1.0331332985192743,0.45534346892075683,0.3175793587392608,0.8515097701576366,0.7945427424219333,0.8197754553181255,0.8446427908161478,0.9000481550795078,0.3063681237828243,0.3374728507703282,0.22498940521478994,0.9374882776829062,0.9584635054535086,0.811957464231673,0.05414755267696197,0.07842221527973064,0.16496734652767703,0.04799525439477819,0.0,0.06595514989784108
2026-05-31,0.9920682581480655,1.0184178306350329,1.019251896882805,0.5005725645835327,0.4138268296297291,0.8092028915635783,0.7873559276841084,0.7216470874882281,0.7612744969243302,0.8028205783584785,0.29682456627808657,0.33257703103219793,0.11604447861881415,0.9195748018674054,0.841516199948779,0.81352426930551,0.10324715437753713,0.012866057264942353,0.08589854761050277,0.013650281379632652,0.030204101779470114,0.030018408766118353
2026-06-01,0.9482173123587094,1.0423291992921702,1.027826672137563,0.4850367648057372,0.5225884300470492,0.8481328786243421,0.8281136435957247,0.76378287402959,0.7690526723704318,0.8122685504497666,0.3365746203970467,0.33108006565604853,0.19458833308385134,0.8803181264351478,0.9377430946237022,0.7545501152743141,0.12101614148880646,0.0,0.06840921554586096,0.16919305189909367,0.12272590204795185,0.0
2026-06-02,0.9162658527647821,0.9714528169239103,1.014820900040433,0.4492466047135592,0.5238764668633398,0.8136322631716065,0.7354058865884155,0.7709139325398877,0.7671814553225946,0.7111800851828853,0.257662795355799,0.2981375373723936,0.17831862574229063,0.8190464089940918,0.8852715622669195,0.8209249537275193,0.14128354766518297,0.10169047206994881,0.09110212221271569,0.046690368365561945,0.06880347981603856,0.044446777044464265
2026-06-03,0.9756846045463334,1.0406881844983105,1.1017536651365534,0.6024377825431644,0.4418785609930035,0.7719258486608559,0.8176313601958587,0.7817265202942888,0.7717180625822481,0.767301843318154,0.2462213856928492,0.30987781412637516,0.09574858516600611,0.9056937597071006,0.7741952402113617,0.7932986389595318,0.0597140916693604,0.0,0.13788883804680938,0.029613461419778338,0.00805719452437411,0.0
2026-06-04,0.997310872459084,1.0534235777994518,0.9956452914473745,0.5892584201036065,0.46439489790605304,0.8348908419500003,0.8956477403865877,0.7312043205699225,0.8549595777773907,0.8107651314970756,0.3112148653590797,0.24074077097338412,0.21945187952168815,0.9539504819618057,0.7935915229007094,0.7695880135331357,0.0827421566378551,0.09634279567882706,0.08862896846221718,0.051298105671675254,0.015737859641048804,0.0
2026-06-05,1.0883964956789942,1.0116439010068585,0.9846458390832712,0.5568024341777714,0.5685270494307066,0.8055306561289339,0.8233088831098656,0.7685814445940261,0.8314398146805152,0.7487735543543497,0.33004796423499483,0.19067790106247162,0.1809980968903902,0.8401205855482922,0.8490941194240658,0.7611762795925818,0.0,0.03736388437134708,0.07516376486031473,0.0,0.022014986442509335,0.002465103174791941
2026-06-06,1.0065137260736443,1.0117200446349348,0.9623236209821311,0.4539574801095436,0.4757984934213662,0.8000669923377244,0.7811893948108268,0.7635694757370237,0.8854971977006036,0.8454031421758993,0.31662661565488204,0.3075040565172512,0.09503968287193781,0.9319379690837989,0.9265611614296291,0.9335881689878343,0.0689269016211113,0.03942266984597357,0.09005841985105642,0.012006603732754244,0.06805989420269981,0.08219695354457782
2026-06-07,1.0491369755511528,1.0135171619640864,0.9483868664711081,0.542750966214864,0.6121460156201493,0.8736476786094788,0.774644735978588,0.838576662988096,0.9133822101949628,0.7398651707049485,0.2595273135451336,0.3161995128136072,0.2419784045387126,0.9165770847566846,0.9056899782670148,0.7868261374910482,0.07377925535144786,0.07048756098116449,0.03640724077495576,0.09916199847227021,0.11690980664693267,0.021869452478154146
2026-06-08,0.9750352200730424,0.9568327367630309,0.9377764106199462,0.5319813204748951,0.4999040073411827,0.6774563935729957,0.7794830013327446,0.8404560655495122,0.748464148403383,0.7856816932067413,0.3338742421045697,0.3604632284212689,0.27175030889944674,0.9375074131616167,0.9092183353587833,0.7271507289609367,0.04902077459162785,0.07905994059971262,0.11985158011469901,0.018552732253361265,0.10262115063995855,0.01760667941117697
2026-06-09,0.9407528116791488,0.9926235659879824,0.9555601343384541,0.5221272812102027,0.5204018088440634,0.7291157914920215,0.787301866097611,0.7927094770955593,0.8035209563663644,0.7706974180012222,0.2628069536452183,0.37856679080411837,0.2745062171148286,0.9435987749859504,0.9975471741343347,0.7650889270133714,0.10828060751163258,0.00868284115855459,0.010663670307754489,0.008556241859986422,0.07280060910545642,0.1377346257705623
2026-06-10,0.9517441618883814,0.992373873377382,0.9964659809173965,0.5624832633521889,0.5808437199249303,0.7406464786812815,0.7811096733620865,0.7803980102064635,0.7411899841678284,0.8082160329690958,0.2739230677606808,0.37849992424994733,0.21794782203257357,0.8652767379037324,0.8365455192570094,0.7974216080261893,0.0972027283977366,0.08588628043750318,0.07779392728172424,0.11547628182572002,0.0,0.0576231248594357
2026-06-11,0.9637386967732123,1.0191696932176748,1.0167147564248857,0.5317685571430639,0.506551355809671,0.7818369676215597,0.8458155720537284,0.8069962156019557,0.7611197036125867,0.7679754964072287,0.2528023237638999,0.2500988203353061,0.20230290692885577,0.8191520299917527,0.8986283322908138,0.8273333516308243,0.0,0.05566852690126117,0.13796926044153718,0.11701272004759145,0.0,0.05694972552374131
2026-06-12,1.1064234866217582,1.0499912123455148,1.0025571029276081,0.5370007118152168,0.44988280096545996,0.7872695915116985,0.7133395448395509,0.7591712446272213,0.7684958744872166,0.7864553186464531,0.3650579174326015,0.28238674825251153,0.2664078310447899,0.873324023715856,0.9152217761406908,0.8277398260862657,0.11077539846508783,0.0,0.11515241414663585,0.07584952360805709,0.07666260106068817,0.021514962739561255
2026-06-13,0.9589306660387806,0.9470731959010795,0.9617232361285144,0.5318453141686105,0.4945136274152855,0.7246337176113476,0.8431000025206068,0.742658395891628,0.7471422562930863,0.7881934954111007,0.33167107705136745,0.32401671479406896,0.2841191792670049,0.9444563658763504,0.8631863441730833,0.8338307275888264,0.05358379346054863,0.041506275821013044,0.12951602864931952,0.027244133298066638,0.0,0.010181416618161111
2026-06-14,1.0419244601868172,0.9937495484840211,1.0450092282009982,0.5170395704001053,0.4982194631904954,0.7507420983844587,0.781015673742872,0.7529889395537142,0.7474056363550794,0.763280612130435,0.3302496687839437,0.42659523388710885,0.25667843514378125,0.8728998048237014,0.901416337254147,0.7677569846681336,0.12428444795952576,0.11906395077794629,0.09674771636405954,0.038026446744183824,0.03872164894656979,0.0
2026-06-15,0.9548536410956486,1.0740727773829486,1.0369706336150473,0.41081944351429084,0.43176291738992173,0.7569579160738216,0.8188473892847686,0.7682593418014272,0.7927857810739873,0.8242546934248557,0.3623605710571225,0.3740049601856958,0.15292311988850996,0.8652978338071179,0.8200025332957828,0.8170220221750774,0.035907437613566726,0.13382973991228483,0.15848730904927585,0.009792501921252049,0.06520752230930885,0.08843702659617791
2026-06-16,1.0465786506437122,0.9628205885593718,0.9920175846288991,0.5041810538705278,0.4872083964329588,0.9228712046037947,0.7436506044899569,0.7418263100103865,0.7391640790806797,0.8119194187418713,0.44063246241193615,0.355969858099919,0.2100672426607461,0.8089324829037681,0.9704953108637514,0.7561970267944711,0.10150032692654701,0.08586742288043386,0.1462349598384896,0.0002613440485677576,0.0,0.062415485287818956
2026-06-17,1.0192475483052932,0.958887499135484,0.9673541927667644,0.47219040205754376,0.46289039530012815,0.8900870973873574,0.8664315533424718,0.8081029779531438,0.8421063479568817,0.7955693027373417,0.21453869480449222,0.2806106022225355,0.22197580721457144,0.987632377727547,0.8659192723734783,0.7690178508492994,0.08584183355567471,0.0,0.12230705021238374,0.0,0.0,0.031041700339329334
2026-06-18,0.9921681051170955,1.0101153095915596,1.02742139604149,0.436007952117999,0.5462178878593718,0.7794125291157675,0.8622817480085937,0.8364857836891855,0.7541123231291244,0.7784770833269021,0.2630811709561446,0.25584001844224374,0.10951915155413855,0.9412856820712655,1.0015700082389252,0.754114551274987,0.11515509424751652,0.07453034512279441,0.14637728886567716,0.019097279660739624,0.04529394677160907,0.03313866490818721
2026-06-19,0.9979618736932283,1.042219259524266,1.0093986793743053,0.5840908309650412,0.5017305937092628,0.7818208354846601,0.8479795262875037,0.720645084960088,0.9404784485048197,0.8398272015259999,0.2691912457912738,0.339445394169162,0.22346803298103873,0.9384947990637382,0.8983762838041273,0.7405805572700865,0.10623486388256735,0.09254304519295964,0.13752117772017886,0.0,0.0751825143762027,0.07680721311305276
2026-06-20,0.9672606152285305,1.000571302778033,0.9275936370292476,0.5864497670442852,0.4858602125426215,0.7425398001405853,0.7242622612103231,0.8012564355608017,0.7774307774517802,0.788208287809291,0.25745901888086536,0.244966936788282,0.31364959129896947,0.9483862693389737,0.9514026782699592,0.8532104744429004,0.08724179124892728,0.08628539916593611,0.0780268243326555,0.0,0.10307593852068785,0.0
2026-06-21,1.022303610074104,1.0664480295218495,0.9966009872007797,0.5679610300147806,0.4946909034688712,0.7045934793387367,0.8414560535533027,0.7890032102366833,0.8036008820958527,0.7846651356087032,0.24612083761981435,0.2880781824509849,0.23199680829003957,0.9288354180771701,0.8973348565504423,0.8344305850489444,0.02318638429778777,0.08924771443439591,0.03280505441543333,0.06097013348769529,0.0803526717385276,0.010505933422309724
2026-06-22,0.977250825982961,1.0428396991283264,1.013101790603719,0.5127606708427938,0.5111561009203083,0.7941559906795739,0.8202427543817855,0.8170754342768402,0.7352329407766983,0.8052345014944063,0.28501734679723173,0.29426110254990384,0.27367065407208785,0.8877835572410235,0.8984628083869736,0.8488332684989065,0.026139601826948425,0.06816315396237654,0.1210181062921312,0.061729779044671855,0.05368282974960973,0.0
2026-06-23,0.9387197118116376,1.042091003344503,0.9550152606756123,0.5675312560476329,0.530840709984489,0.7501074008377988,0.7197364376433717,0.7993530615948207,0.885304587906382,0.8848293341485426,0.23916981423552974,0.3796456044561404,0.20914573650643525,0.89181179479389,0.8707985333388997,0.8019656533012148,0.07080565304538905,0.04637938305847282,0.12730446154157143,0.13503963792141582,0.012690262322147532,0.12857546412433732
2026-06-24,0.9361031212840191,1.0277058250662046,1.0094921696418722,0.5006026590300913,0.4500143885665309,0.7957574734168995,0.7987851308114593,0.7273200360034185,0.8559750340401459,0.7329821895989399,0.3167521183768707,0.2822651348520161,0.19633908380080894,0.8786217817703937,0.9059561964683139,0.8388403849432574,0.09958600580352066,0.019581625204799082,0.1545235995569283,0.016583081582264868,0.0,0.08378277659266503
2026-06-25,1.008629395886106,1.1163826550173042,0.9272588757371105,0.510139863844889,0.4479206183689364,0.7199897075478262,0.8182267244516632,0.7368805350571418,0.8148457935368056,0.8384928446527677,0.30258491607143073,0.1780375180713692,0.2190635695040488,1.03173703772075,0.9158999347207024,0.7119355297678728,0.06958760264004415,0.0,0.053183936247735326,0.06480502948116354,0.024456145583542623,0.0
2026-06-26,1.0789545628205217,0.9897419155566978,1.0668093050006084,0.4453264314769009,0.5552339607701265,0.7619012770844872,0.8278037636911576,0.8014711787792487,0.7326598725610217,0.7053414419380948,0.32405143323818275,0.3252222323831234,0.15920866760077837,0.9277956015649722,0.860787074554241,0.8431543759022678,0.1312605965289733,0.06698208833566754,0.05467844703614184,0.06563562896374009,0.07049677924902836,0.0
2026-06-27,1.007999580678672,0.8998238853966742,1.0623974992529717,0.519849565224942,0.4793831563897635,0.8074313547651416,0.8088630683474428,0.8514390459872755,0.8105333438862311,0.8108636579114312,0.32538642258191264,0.2650489073448037,0.15181124063828058,0.8768099779324283,0.8937477792070058,0.8088559915002516,0.08603895403941582,0.05930264218260943,0.12299501331538852,0.03730812194372335,0.06683118533136714,0.03338271633212569
2026-06-28,0.9940680836945058,1.080212718075857,0.9873741332848518,0.5030192964212209,0.4291578953701563,0.8183104798891969,0.814561570842369,0.6892906314478499,0.7439284476991372,0.8787541413804366,0.3301503426713338,0.30213155122188734,0.2633152278584683,0.9232748387083141,0.8694950566971443,0.8313554800074583,0.051749363761024486,0.07787879214124081,0.09644165055734567,0.08721667943748382,0.0,0.016377989396378766
2026-06-29,1.0142913069801271,0.9771150284521587,1.0181727168919537,0.4348673941582768,0.5221906354691552,0.8208735979371008,0.8736805696126548,0.817286328990079,0.8731177631736681,0.8244334262233654,0.28132955315880587,0.2956647649578938,0.2686171171433259,0.8494565541071841,1.014983203480742,0.8190011649524307,0.08609518535060454,0.0,0.005711919471443588,0.08876145934253572,0.010716148586624855,0.0
2026-06-30,1.0653000870853413,1.0053940222171516,0.8795039017100063,0.49744014440917017,0.5231684903016344,0.7339755507921482,0.861301695495534,0.8594811002643822,0.8404597365926587,0.8085312539269897,0.40605717013168335,0.2863148002091116,0.15044468422063248,0.9752253359294614,0.8955134615044191,0.7506472422731557,0.11129299181582762,0.08225083446575301,0.11875540818770955,0.066370554759877,0.1102253775803078,0.13723811188252447
2026-07-01,1.010969125068193,1.0654775342430263,0.9421826169867333,0.4960135218071596,0.4234642371371647,0.8427342865067782,0.6566472523108629,0.7923487061896894,0.8047719519243869,0.7719775265598463,0.3117215558241049,0.3395170290892352,0.24839994022769324,0.866946545209643,0.9772616075848279,0.7250980112304477,0.11624423594122923,0.15272725473103888,0.007378854250552264,0.037218014747610224,0.05396075239020697,0.05562699569912896
2026-07-02,0.9794536384583131,0.9198870229470537,0.9853110539923935,0.5898780583322321,0.5114740857731803,0.7599894151699075,0.784128072258116,0.8275101248013221,0.6781812168376339,0.8015523600244278,0.20687576236876024,0.2233567560823646,0.19565200121969897,0.9250542716311233,0.8902188834596156,0.7643972916908519,0.19391895659965647,0.05392250653889557,0.05273717240633119,0.032123494572273245,0.0,0.06374081614315458
2026-07-03,1.0553144355029944,0.937417639294693,0.946393348928657,0.5447106664256705,0.5367791546214187,0.8316428957303653,0.7917674486228025,0.7648465459551099,0.7508292010670485,0.7873968592298323,0.24988121271168912,0.27414928875228195,0.21699042872452154,0.9532988814871568,0.9129643820767455,0.8282458640636456,0.06655453299982902,0.04691673403967296,0.16758406864300535,0.0,0.16779105907990757,0.005399252538389306
2026-07-04,1.0214378219230806,0.9199361031440573,1.0357198241315329,0.5005722719545733,0.5187193225853132,0.7994680661690904,0.7123950713636515,0.7940316900361563,0.8343880565799937,0.7607011696034323,0.2129748505486092,0.33420189565586905,0.22301093197175317,0.9192384272102496,0.8339317964177365,0.8345045707587698,0.09632606692047999,0.06545011780428506,0.19124395089035578,0.009704111069115416,0.04855291338426177,0.07611370735890012
2026-07-05,1.0767877995997996,0.9602931854987288,1.0998648265373996,0.5124393654900542,0.5315990741880697,0.7311806250461026,0.8047091529116156,0.7189543240845925,0.8606441845861579,0.7855062192262565,0.3008667314575654,0.2692957612327816,0.24971752340621595,0.904723499590982,0.8776463704066068,0.731602886130907,0.12130619734097133,0.15161685123551688,0.039217181576401916,0.018899623804915607,0.0692166979656704,0.02097836195089941
2026-07-06,1.0091617218610953,1.0219818303008497,0.941169264028535,0.5022106189052099,0.42978654509546255,0.7841901147709407,0.8624378886205254,0.6827828345790563,0.8554584905746067,0.809919058031322,0.2939097387973333,0.2195596645365014,0.20413591009315946,0.9005401042428007,0.9105267335394623,0.7509450316265893,0.09882885203995924,0.0,0.08353042312936529,0.0,0.06997623780225673,0.02583284131462503
2026-07-07,0.938776548413975,1.0262093921406386,0.9581268297957404,0.4898543007602226,0.5165520077498098,0.8182681871031884,0.7456716070204705,0.8471382900612638,0.7203993498879273,0.761639146573468,0.2765787151050271,0.3334277671628368,0.2705080997650968,0.8971779451556446,0.9793001915479933,0.7638382157029581,0.07496909270056734,0.06016034666969525,0.1021311261539353,0.07199619833438321,0.0316202266919907,0.070550097991263
2026-07-08,0.9315920400377168,1.0138137089664276,1.0117724184154966,0.44587864013058565,0.4848690120264777,0.83064826902373,0.8168200469344936,0.750750253613778,0.8150776153406453,0.7596859089657658,0.4005463056200257,0.35615473152207694,0.21547064198799626,0.8711650755536249,0.9110991388838136,0.7821347469866593,0.022537141182787823,0.010017128885117792,0.1890613463790784,0.1098313934493505,0.013621315908930287,0.0
2026-07-09,1.0825463966115625,0.9293617058053817,1.080555807424981,0.49244740611965354,0.47586049206376774,0.7929506051277792,0.7542088261351781,0.7772236077498285,0.8507757608241465,0.7319878281203913,0.32744914370384554,0.2977502396178497,0.23120921362347663,0.8775258285115148,0.96918601805965,0.7318974584573674,0.07445827204734923,0.022649763957750254,0.07535655260877992,0.004596878383542495,0.15608374925329704,0.11985139299254913
2026-07-10,1.086183286039165,0.8844948281683678,0.9388812843730049,0.46269508716737434,0.5435277804709864,0.8765889445300526,0.7664043988160162,0.7306778873364904,0.7170832217208878,0.8195362513044449,0.3363049180723167,0.20195772007652335,0.15833687042313768,0.9739795186825467,0.932036455510146,0.7288974116929934,0.046314879364109954,0.04752048460590304,0.07615579884833609,0.06417207178723186,0.10016029348088754,0.04911946073619379
2026-07-11,0.99102403933587,1.0027176792695192,1.0124518061153471,0.43748422305384266,0.5739637255337116,0.850375538549328,0.8738696817085018,0.7295015148458063,0.7996047742313382,0.8272661630983531,0.2534463256028948,0.3352984873349408,0.3079329505352417,0.8945731683657422,0.9813700669732344,0.7589082351796224,0.013669665943811082,0.11736616208067795,0.1774362779231431,0.0,0.09109686005543383,0.10404721043902121
2026-07-12,0.9808406339432006,0.9764111983180832,1.0910649425406556,0.5255610907273768,0.5897185027300179,0.7871672941800124,0.7728721089944088,0.7913081149952692,0.8136921199154229,0.8115830222118259,0.2500427554334494,0.21700560592901558,0.22349124616024835,0.8607101865308614,0.8970478891347472,0.8043126918112503,0.06021605791647068,0.14004953003443685,0.0812605423640871,0.0347538914530419,0.07881445958591055,0.0
2026-07-13,1.07307221461211,1.0229692885858306,0.9174120425910366,0.5195632329966617,0.5657403935752953,0.8375060906068472,0.8231106244505313,0.7635211402932177,0.7849617707576633,0.8482585246364334,0.3018402749548477,0.3154399638424083,0.23564987126725498,0.8741851201569246,1.0195111355325903,0.7409702830123255,0.04764541396167728,0.07240710723133532,0.13611008544832287,0.015483521041111212,0.0,0.0
2026-07-14,0.9446477158978256,1.0350976813110635,0.9359465396577084,0.4106646244315961,0.49451329091849083,0.8966896742594094,0.7064390941969507,0.818898549899735,0.7073919072299399,0.8043933818540364,0.3086503569826113,0.255626808762892,0.11959070943942293,0.9550185340348611,0.8757301898542939,0.7942098245014118,0.1291893272646474,0.031170263848825736,0.026142851744378623,0.08009478243032209,0.11387650958701369,0.0
2026-07-15,0.9552636490522086,1.006912071602934,0.9788196696769581,0.49386576812524363,0.5176360081513172,0.8980242300391514,0.893115878069744,0.8226269209489796,0.7837150944963136,0.8196005468682879,0.20718442164427714,0.24200803571165172,0.15886489884604496,0.9337803316582239,0.8616769082901166,0.8529276408070908,0.1300545918707147,0.17463694333192592,0.0914383627953837,0.016060591307891087,0.007843367099412538,0.05251488363324194
2026-07-16,1.0321663397344523,1.0380066542687927,0.9739705793572294,0.5497850692949962,0.5383411435892121,0.7386000059588752,0.830132622315325,0.8160424823162304,0.7836347284872488,0.8151918712818782,0.2909846488575233,0.27790449914601545,0.26189418439593654,0.9280164589116129,0.8394973575155483,0.7349110131293245,0.05480603552095626,0.028622275933523993,0.017020158083679765,0.10058302068533234,0.06416433990753229,0.043299165095912306
2026-07-17,0.9802697438570205,1.0114605687057534,1.0406300643876822,0.552961186944816,0.5060588974649731,0.7536733444421425,0.790875007867487,0.8119300395464222,0.7925963797726123,0.7954229990290896,0.30070360414367525,0.290835122178637,0.21434455591463025,0.8871239400545105,1.0165512335779034,0.7896777120794731,0.08698856847184394,0.021443204282013135,0.04722831095221478,0.03771396131689005,0.0,0.016779409038440975
2026-07-18,0.9997439066639965,1.0265032352800734,1.0120829859910419,0.551291842144262,0.5065382093955773,0.8742459393366926,0.8287773254999948,0.8788884102465944,0.7718264287287465,0.7734589085935177,0.28924254171144353,0.2677895874806776,0.1043110132585537,0.9286681235086472,0.9409723786308949,0.8512378366875387,0.0070878668943732265,0.0,0.14196006775761316,0.017519814520258463,0.0,0.0
2026-07-19,0.9918278550737744,0.9647663368565059,0.9112518970178936,0.501945660345073,0.5411876565938091,0.7470859474581182,0.7295090285526096,0.7466203115477558,0.7778493923379267,0.9107076307895956,0.2593304793826662,0.3294351639107575,0.25191449644919095,0.8678219437524676,0.8832939633309846,0.7790865804818096,0.0752830024908653,0.11980457846223719,0.09750473044566438,0.0,0.06591456013265574,0.0
