date,scale_proxy,speed_proxy,leverage_proxy,autonomy_proxy,replicability_proxy,stop_proxy,threshold_proxy,decision_proxy,execution_proxy,coherence_proxy,impact_proxy,propagation_proxy,hysteresis_proxy,margin_proxy,redundancy_proxy,diversity_proxy,recovery_time_proxy,exemption_rate,sanction_delay,control_turnover,conflict_interest_proxy
2020-01-01,1.000061507667874,1.0149372768754235,0.9862931072318891,0.9554704080621363,0.9772664607414139,0.9504176722501769,1.003007180129872,1.0670107622777267,0.9753896740724335,0.968976255009003,1.02449210250926,1.017844350408003,1.005270712449895,0.9534765977645898,0.9985374088768363,1.0347651597229144,0.6137620784706036,0.10872015842097682,23.574753159036018,0.05778979156547069,0.10459806259090441
2020-01-02,0.988245443446266,0.9366276759278148,1.0135632179410852,1.0078375543312112,0.9906534527685023,0.8741620144589743,0.9730653552076681,0.9975749527299465,1.0056654493001653,0.9234932117247303,0.9761123361983035,0.9510740460971681,0.95955813802872,1.053044931169304,0.9596232662334052,0.998373914752724,0.6298314080407436,0.09624311257308293,22.817751263488333,0.07799365871103893,0.08610447388194291
2020-01-03,0.9387472086791153,1.0038070115188504,1.067941171087077,0.9226427660935759,1.0429691344010799,1.0059677012848292,0.9679264802946389,1.1000208273171213,1.0381129856042355,0.9400355548947388,1.0037258114385732,1.0288344791835093,0.9905608937324626,1.0341455133597603,0.9966741339925292,1.0333623780417165,0.6232022051047597,0.1221076353177645,29.06038387044758,0.08231541045299422,0.09712062052698296
2020-01-04,0.940640273607493,0.9710349201748664,0.9901902013597752,1.0449381936050204,1.0572611003727066,0.9338236103757872,0.9602678817006475,1.032345171128671,0.9003790107912752,0.9768415067523817,0.9951356537164956,1.062850748864341,1.0344701950285378,0.9836393289888901,0.9815712052950021,0.9874902299741037,0.5440141232076746,0.11052056901499446,21.42053258237538,0.0668800344416996,0.09813834693028486
2020-01-05,0.9901357886017139,0.9442966428424472,0.9994239265980726,0.9778209388512791,1.0583063888095112,1.0326544251350582,0.9987928193495034,1.0334190511633672,0.9830065224143425,1.0526063179213474,0.9997300219664187,1.0291691177090208,0.9354553377338256,1.0173340024439215,0.9155897941316729,0.8982335527530034,0.6499047462621039,0.0881508804803501,26.088490163397964,0.08996570137529604,0.10573357757581957
2020-01-06,0.9688028206778047,1.0102701973032349,1.024650664570618,0.9911796967047121,0.9897034834873392,1.0351231477560272,1.025995381851695,0.9483162083963156,0.9960409340692079,1.0017643424330738,0.9472757688975445,1.012991955033718,0.9571021761411728,1.0486033353958522,1.0096372956302537,1.0044653242884525,0.5607333905747075,0.1142043388657795,14.863580750009834,0.07561090575294398,0.11204173536775441
2020-01-07,0.8935716479088928,1.0423304260740582,0.9126951762313046,1.0378369251332134,0.9577251483560338,1.038949554217123,1.00654756037924,0.9231582529854255,1.0624574374779228,1.0720853577761307,0.9967097546999897,0.986304186391384,0.9920066517014682,0.9512423838610626,1.054929337987846,0.9728554034134906,0.543256177287969,0.0897860825930978,13.039195047259486,0.059601738249056006,0.08473328887819627
2020-01-08,0.9922956213396994,1.0482960809364403,1.000666229845663,0.9652798236148553,0.9836657369998874,0.971988447474855,1.0003979549592457,0.9812366580161522,0.9850039142029101,0.9310712657932043,0.959657703618944,1.0827028774400216,0.9664383391874142,0.9472953106188253,1.0168663166287515,1.0703636099778266,0.5695761238410021,0.06423024065712782,27.13278505123799,0.08081461335850446,0.07777679666380613
2020-01-09,0.9988278040722578,1.0035720922146303,0.9623844263777206,1.0227392081498459,0.9730351325256339,0.992854839575162,0.9445869603909244,0.9391948619895902,1.066776592765001,0.9746447647730763,1.01458401781779,0.9983104782616313,0.9779427398618908,0.974601951483139,1.0315041295722793,0.9849066197733045,0.5945649746639637,0.14063184386494815,27.37429859204496,0.11764827169971478,0.12242414754858229
2020-01-10,0.9718214303323379,0.9309015639996767,1.0474764965867651,1.0483223567110438,0.992964580043833,1.027094192080176,1.0390721526942703,1.041559222633249,1.0460691736623235,0.9772191174669433,1.075748649133236,0.9376703470857146,1.0430861538496825,1.024696603951538,1.0436809556762252,1.093950415354837,0.6357045714032228,0.09300833798516404,22.553629076567795,0.06650147599359355,0.049103469699022344
2020-01-11,0.9993797305676243,1.0419863738502597,0.9178101324407206,0.894500977284526,1.0129649510168615,1.002219294480665,0.9877098464309039,1.0019267381885109,0.956974219631636,0.9243252796363947,0.9916672574559839,0.9514145654475304,0.9178259338794447,1.025284053569664,0.9969300685788912,1.0203264268316408,0.6311915912844173,0.08781971998664737,21.13033251860648,0.10332279496689993,0.08145380047518362
2020-01-12,0.9608512691832527,1.0178033144410137,1.0169877962709108,1.1012580493440052,0.9303605477066595,1.0443951188917522,0.995525601905579,0.9992985134934501,0.9275068089046694,0.9769903093637673,1.0371598631721977,0.9958760813991347,1.0040527185205632,0.9854641659699729,1.0577284873493142,0.9989263716478253,0.5988750364470754,0.10677444126909959,20.83088297326421,0.10755551785149234,0.14657852788237188
2020-01-13,1.0666779925051362,1.0023559953065297,0.941372714629751,0.9529650065898789,1.0565306615125005,1.0078813311699233,1.0023999620781028,0.9973269105580972,1.0019200130777672,1.0402702823471899,1.0276283648678037,1.0107852350012247,0.9478565821204995,1.0255554382454863,0.9657876461003753,1.0546922837950239,0.6466452777839486,0.06880736284292582,16.559192857828272,0.10996323202220191,0.018784069243494364
2020-01-14,1.0730203383629777,0.9768208119195458,1.0385860582782263,1.0189338034835105,0.8693220268327371,1.0125199008138794,0.9969327960083376,1.0041608676737266,0.9461562540086411,0.9865326476889797,0.9910870618308851,1.059404710860616,1.0167213530195507,0.9997222484898668,1.076448499895547,0.9722376035118176,0.6040744786699324,0.0729284270360216,27.693189499932007,0.06354743971197391,0.07920843934763218
2020-01-15,1.033444922322347,1.0055074293831825,1.0107744469591164,0.9873996704866346,0.9898199787138526,1.0027151805856847,1.0755914755781888,1.027784395090404,0.9970769937120569,0.9710303974778302,0.968250075629417,1.0801352505586246,1.0253343652113551,1.0033775279155328,0.9826909078923639,0.9445473294149737,0.6447991951900233,0.09000706599862471,23.294404074159104,0.12030747862742527,0.12063158168010885
2020-01-16,1.0054797183999085,0.9203494560627196,0.9882300824017455,0.9572802240922964,1.0442292516281302,0.961470066171757,1.0288523373650347,1.076221872636338,0.9843201869359187,0.9699211873938267,1.0095716129563046,0.9998985486195485,0.9503191826330144,1.023045970785669,1.1007758026737704,0.9870944002367138,0.5298065602595403,0.08960556386894267,22.52952722251105,0.0823269891654575,0.05049036386776814
2020-01-17,1.0639833635921896,0.9547273470302677,1.054067878466567,1.0762179001891403,1.012966322873837,1.0276695701425411,1.097612547184339,0.9901635798967142,0.9703497101529193,0.9323384467608529,1.0020853540173174,1.0739572105459154,1.0479797690700432,0.9528954379291021,0.9572312308083701,0.9747914385329518,0.5212913003641437,0.10143778544972266,21.88062633735901,0.0749242218658169,0.17794426364071983
2020-01-18,0.9979913029198528,1.0103296188608017,0.9958015148233412,1.0251760432497026,1.0935437886664003,1.0295986142385416,1.0027905273204276,0.9156940688319043,1.01939785430076,0.9026660794116397,0.9295482956921939,1.0427319626234381,1.0353117530068332,0.9925030500825558,0.9144994446923892,0.9814325741554575,0.6387860223308267,0.1224511542625206,25.239564106784343,0.07539304169994558,0.022347892598015284
2020-01-19,0.941472423484839,0.9971952859615864,0.9911603403243207,0.9424240420236264,1.0058177617846091,0.9424543239344569,1.055605363586465,1.0531325302894077,1.054237563264821,0.9762974764695735,1.0257260281659044,0.9933965247390322,0.9805593969298759,0.9830427171428967,0.9350142363482925,0.9278068152052439,0.5304958776936998,0.09051946053729928,22.52502649931934,0.09203147079527191,0.14309678353264196
2020-01-20,0.9607934963092053,1.0087667421732536,1.0196047393332786,0.9811462774799452,1.0514589616348924,1.010519746941482,0.9393308930586071,0.9534618112004677,1.0402735530247311,1.023191572822803,0.90504693804967,1.0673856151931205,1.0299013515546944,1.067167149384825,0.9808149559462458,0.9852146889333837,0.5849240399762307,0.10985596945499732,23.72679884795599,0.0810225506529396,0.14672024097452366
2020-01-21,1.0081920596166551,0.916432375671496,0.9808566425616615,1.0491877454200014,0.9374128092212751,1.0536113772467306,1.0168618907924232,0.9478024537507872,0.9749201364287163,0.9770467161647294,0.9975240331028749,0.9731928017028454,0.9586356049597732,0.9847706148742591,0.9486555130695475,0.9355236713678462,0.5950948623992284,0.11203090001807034,14.155345625627156,0.0764620663857602,0.127490570977487
2020-01-22,0.9511427281432655,1.0426718826357309,0.9740915155454667,1.074915084153244,0.9610080317926804,1.0193250996812917,0.9886358496721398,0.9622989095436818,1.0293837521288876,0.9922508713462597,1.0301605290356823,0.9976354246391502,0.9457091872349281,0.9948965378405547,1.002597758475807,1.0479231476940598,0.5756024579672768,0.07831849236804242,22.550164992319004,0.1056717783189213,0.09335243283599662
2020-01-23,0.9096820239458198,0.9970391582862631,1.0552842479331423,0.9237776525894063,0.9455982207305786,0.962836255447336,0.9435251676828998,1.0189713944167291,0.9596316277477757,0.9639242631769899,1.0291652699341156,0.9622242684515658,1.021639004889036,0.9514307414058978,0.9393930742892356,0.9082275355404539,0.5773255263075608,0.10456911445825604,30.936007555292456,0.06554474657790843,0.11071534607897357
2020-01-24,1.0024843239687187,1.0954108519601349,0.9480536704521426,0.9221268946950911,0.9494020165757823,0.9332645495120727,1.0373481026240972,1.0410189104768879,0.9519342227424836,0.9304782111768504,0.9822601673429453,1.0695561938938196,0.8590215291100842,1.0263313384507937,0.9462122386275708,1.0520183573270636,0.6696313272589072,0.08114665241354076,17.407384973754766,0.05913712141690322,0.07308250329411126
2020-01-25,1.041028934294503,0.9799165923924662,0.9564913814897872,0.9053096431744093,0.9803171644049508,0.9984548373706851,0.9957972821082758,0.9953104036011915,0.9439095186386537,0.9966863057317191,0.9980663310232447,1.064528101890159,1.0933366727176181,0.9931505486541105,0.9616847024412056,0.9967508935119018,0.473519924575015,0.12127797489095568,19.355855657963886,0.09586210198637009,0.12427973977440565
2020-01-26,0.9948042225407961,1.0125004153429977,0.9908529982014664,0.9636372776373794,0.9526020220125574,0.988136199783773,0.9725619831286094,1.0116950666604787,0.999778414840118,0.9318846626038635,1.0033560649714175,0.9328569791429622,0.969176118724036,0.9852823195391076,0.8962363361044344,1.004575372392999,0.6441936817361414,0.10910179756144983,24.459718544550125,0.09407194761588823,0.06640405263636528
2020-01-27,0.9865149815135594,0.9723694098242569,1.0045842696343699,0.9397931955227572,1.0117794954505572,1.0071609446738834,0.9929218583910638,0.9780397588456855,1.0276169946235056,0.9167699146603068,1.023022666907256,1.0121518733095185,1.0141688146267307,1.0191656296216338,0.9673177796703575,0.9870269970849282,0.7147586171396783,0.10033008228722494,24.786515828028456,0.10187955071074133,0.09178378199321846
2020-01-28,1.0584735495996553,1.0504835746521428,1.0116939024384553,0.9221160698197903,1.047127240711401,0.9926372681640117,0.8733740175966517,1.0188603701553602,0.9253914108460232,0.9351779709902468,0.9682520553813073,1.0636295588941442,0.9814577322910804,1.0135495793868359,1.0873983981876116,1.0797014881327895,0.6011792280283033,0.0732060069249777,23.122135459962234,0.05855600480617733,0.12988747839007958
2020-01-29,1.0197865380904823,1.005511911558698,1.0497400828781962,0.961381599348341,0.9971961739908267,1.0365621494247406,1.029207295311396,1.053547288786621,1.019851020338253,0.9845298722201584,1.01810961301312,0.9498702401807946,0.9180270334228436,1.0290335890448588,0.9972429833589496,1.0154204813208505,0.5990512602260291,0.10231980020570634,11.911998684247799,0.10162782918144582,0.06657091281001912
2020-01-30,0.9832563258931475,1.0448652144083095,1.019049886093187,0.9699526695167097,0.999256201417485,1.0378400040119005,0.8619791068672903,0.9937731726596681,1.0271600073590719,1.0341064312617088,1.0850365103505015,1.056752283954824,1.0156281417373123,1.0150988003057713,1.03934726739973,0.973033650262883,0.6363185397811513,0.08465944972846629,22.508651373589306,0.08964042649488962,0.08907194330918689
2020-01-31,1.009924009689384,1.0671601847004029,0.9984843348205424,1.0734679518235573,0.9516671391285625,0.9906981852131502,0.9900917421657237,1.039325286204811,1.052263018848914,0.9245277820940884,0.9542441187094388,1.016842623938823,0.9670653177057092,0.9238786112176178,1.051923998601174,1.0246985042076824,0.6914427270284009,0.11411925280904522,14.081627425699207,0.11525150871077863,0.10492794476605252
2020-02-01,0.9544167424528689,0.9572932276158099,1.0102331605298849,0.9648833927101471,1.0337725532684414,1.0130043872064527,0.9538514391068451,1.003643280047255,0.9824361155906317,1.0457916414588524,0.9683723508410897,0.978041345226356,1.0605618452688168,1.1119296694621257,1.0999504332113967,1.0031611505830305,0.5405975525440498,0.09761346995268998,15.87649040847649,0.0550342467889673,0.059746349803940425
2020-02-02,1.0225758390266066,0.9585425191090876,0.9176884429250424,0.928163524272295,1.0332714642086165,0.9620811741844079,0.9929326453814443,1.010627934216892,1.0309570439547355,0.9832548600643263,1.0249357850240302,0.9554969853939579,0.9819142987160994,0.9487792206106065,1.056588360818096,0.9986458385966505,0.6043844666777612,0.08375310874225089,22.740268931192226,0.08436480697039887,0.13493117491249834
2020-02-03,0.948139707918729,0.9810946374221251,1.1266152916383902,1.0477839446265997,0.9944274160434529,1.035599979120542,1.1028718084815168,0.9883128036612305,0.981679332795122,1.0605971771610947,1.0247087749066472,1.0335666577661278,0.974588880035971,1.0962101566171372,1.085479540079683,1.0282973894436376,0.5906891737562912,0.11851035795022324,18.520879382199684,0.07444865161047923,0.11022322271866601
2020-02-04,1.034122970592305,0.9829354115945862,0.9154759099906458,1.0183937282537117,0.9629308173779803,0.9834902953637831,0.9697745077952903,0.9829212872372406,0.8845239521367029,1.060847356361576,1.0126673051163237,1.0555699631459432,1.0989920914904967,1.0011296561281375,0.9098781872079712,0.9553056574810208,0.6279690638419899,0.11443070135426855,24.048114565238844,0.04820468155746367,0.05453230076828405
2020-02-05,0.9244821673357061,1.0148682631400006,0.994525442741151,0.9843184380403711,0.9963478472029343,0.9730110992134153,0.9693764278297913,0.9158621804565557,0.9985186342575335,1.0922766855311659,1.0990247531442303,1.066090879827247,1.035290080042578,0.9661759937960006,1.072137539410813,0.9971936222779516,0.6079593348214756,0.08813405842106453,35.74069326875428,0.06570224122426724,0.09859092567808253
2020-02-06,0.9457700445636369,0.981316814762974,1.1140278234974912,0.9965202986019026,0.9880669717614119,1.0266187139552527,1.035406091085173,0.9443115570413964,0.9896420608598377,1.0459137920467383,1.0134918814536054,1.0060977021750885,1.0777008834304367,0.9661113620180178,1.0041372947553817,0.9739970667372464,0.632982655787544,0.12324055665356955,23.885900251919715,0.10254128302202195,0.07673994485502719
2020-02-07,1.0303137738054764,1.0697597130119365,0.9212983578831337,1.037523750451524,0.9853360067855846,0.9667187381370912,1.0269784266686262,0.9539930208632176,0.8961543352342839,0.9814890755538682,0.9251114574179048,0.967554208946466,1.018577738187555,1.015599987280708,1.0793449724489284,0.9900172626528256,0.5789183659039229,0.0940321064963132,23.61426326507236,0.07062078644246297,0.0802732610036935
2020-02-08,0.967738383101738,0.9011313591656496,1.0348461401559605,0.9944286715646646,1.017841863917627,1.0052860772349992,1.0315827367074186,1.0019009373507768,1.0618101241739106,1.0212491394988612,1.01960338116942,1.0204933458841279,0.927168112871564,0.991768212409814,0.9870341755225251,1.0103773360580242,0.602450107778426,0.09381696771207651,15.521362605213236,0.06554804910692383,0.10230234390408514
2020-02-09,0.9859356353139666,0.9955162293536767,0.9640853957012805,1.004605691396196,0.9679412116380219,1.0275829125853149,0.9637729090805558,0.9980749887447538,1.048941958668107,1.1285834441455147,0.9496178403684696,0.976774611495645,0.9580082151100032,1.0392164160884638,0.9425950347141219,0.9757821477203457,0.5664828809796408,0.10247602096536519,16.785178632840925,0.09736520783774705,0.07870927236703383
2020-02-10,0.9277260891463333,0.9793482956103413,1.0074115318171,0.9907120007023204,0.9113015652580303,0.9768106854120001,1.0399218820253089,1.027793275599566,0.9960626069236083,0.9556315062450899,1.0315608185476104,0.9710535509395026,0.941537579876299,0.9598906882419106,1.0724172645887076,1.0110090019100846,0.5667854748161977,0.08494732496214093,14.681690567244498,0.09977753347332556,0.12893534859803354
2020-02-11,1.1243175129977847,1.0383574316149808,0.9749414812336153,0.995759048048664,1.0163111710442823,1.0605228794757953,0.9755433454164925,0.912934045769776,0.9860179093436846,1.0007692728581878,1.005476898436762,1.065834506809133,1.0158343539152963,1.0406458485817993,0.9449443153037599,1.0433950744212275,0.5929230079663544,0.09116720196575008,17.337020817369073,0.0997356790589292,0.07886024433267992
2020-02-12,0.9536409258304569,0.9944448821022975,1.0230103796469108,1.03720005539066,0.9781336047145807,1.0153660697363618,0.9861039259324439,1.006023556640064,0.9933954229813052,0.9429203161072225,0.9989443207488277,1.0438575761030917,0.9516490854229163,0.9879454125612582,1.0332390032228573,0.9465067446626414,0.5928995047460308,0.09679041442630092,14.541239720349553,0.06420613250583795,0.12945129549992612
2020-02-13,0.9890409661113431,1.0370099564370314,1.0060498864250078,1.0051052948034642,1.0773878530468914,0.9340410211907924,1.0527647298733058,0.9975512002422133,1.070427031030207,1.0093616684449722,0.9663664002736907,1.013857018837569,1.036798354751484,1.0017881837055598,1.02440191382783,0.9739162412149008,0.5413758128881986,0.1306056601931571,16.70154991466945,0.0788398249415163,0.0986872163222153
2020-02-14,1.051814788467737,0.9771446637261719,0.9646732967320741,0.9905725065252007,1.0594548594275766,0.9306443547867758,1.0595914996307005,0.9680373572897243,0.9449628250137989,1.0630030918071158,0.9951554952601903,0.9349882817807539,0.9820633470471783,1.046552621544352,1.0596037096310886,0.9786450659039475,0.6785029189654388,0.12999299483921645,18.956390823410022,0.1006131827949387,0.12567306065957845
2020-02-15,0.9731987794763454,0.9753926032310537,1.0033517240933605,1.0014926743479315,0.9717255023337832,0.978702744579992,1.0556668619170169,1.0106913567588491,1.0442547183294142,1.060091111596871,1.0294421129819775,1.1135443156691216,0.9587347984118052,1.0404204796541145,0.9840928013484455,1.092789163168564,0.5932457954890216,0.09482259598819023,14.997130660140677,0.06687931742302355,0.08375996026050189
2020-02-16,1.0368282108079638,0.9964567335913328,1.0227560412281738,1.0326510717893163,0.9961064365231338,1.0513650984180813,0.8870251375445477,1.0316896759784997,0.9482973693857137,1.0479338903984694,0.98856577875544,0.9555606364457988,1.0186951078372122,0.9544333251077116,0.9543616051222303,0.9216352822023454,0.5308149618543225,0.13220875481057442,12.904514495187875,0.06501337658021047,0.0848414815874987
2020-02-17,1.00089804875674,0.9953355759510223,1.0286781473928894,1.0529196388062878,0.9829282772770703,0.9878119189022021,0.991958429765008,1.0041384563495919,0.9549795895197425,1.0514003030033143,0.9799795184110833,1.0231221728388933,0.9587263713888038,1.0179401976404447,1.0195796507875168,0.9789659296601333,0.6550767296310446,0.09913426500181761,13.192682377111986,0.09656463953958763,0.06542604137059567
2020-02-18,0.9808906592171053,1.0218051033678615,1.0030586265919375,1.0024730570879465,0.9856897522812725,0.9095761822129502,0.9887283678289654,0.889093926803862,1.0185909784392468,0.9636971106286147,0.9642291636913929,0.989034810218501,1.0136336173147933,0.9283996911132022,0.9125699405223296,0.9466967064250094,0.5625858589794421,0.10761161355623006,22.269605561968646,0.11124697388289577,0.11733936469089545
2020-02-19,0.9314182595867433,1.0149560076286246,0.9840133093893659,0.9970093607232864,1.028438879718377,1.087812006265809,1.0097353174916637,1.0062179475698048,0.9513316141258843,1.0291669827666166,0.9876963834727365,1.0416003521454216,0.9978146774757514,1.0870427851904925,0.9008541748431267,0.9851700319922463,0.6254140667372332,0.1176715566754786,20.298732656809815,0.05695850512236023,0.12813385760591212
2020-02-20,1.0059476885844885,1.1220230920086611,1.0572515749113365,0.9445495446742366,0.9563329458835854,0.9797636095488773,1.050220806386697,0.9589256495415406,0.9654884290526233,1.0442374716757452,1.0432326285237574,0.9813092669805276,0.9441118292813604,0.9225127588368647,0.9650504936544948,0.8884735548864235,0.5991491511695021,0.10584095652400421,25.129701641574265,0.028048631694975797,0.1635756568825577
2020-02-21,0.9424432581026505,1.0434624493238347,1.057892851375822,0.9626821740951954,0.9523351538463998,0.9945154051330729,0.9199288325241909,1.0735367474650777,0.8797318103484755,0.944659629212897,0.9865217417995416,0.9886456454334658,1.0083062086571313,1.0135724284337417,0.9893193992687276,1.056844315938497,0.6125308113524478,0.1483036440836381,25.222196092336013,0.05099367105484656,0.1387158255440109
2020-02-22,0.9544085561752605,0.9679525501732253,1.0396293361625921,1.0174528134325493,0.9659875781698761,1.1019945479670972,1.115458882424754,0.9268768760519822,1.0150897480150172,1.1254497217816195,1.0391949314592446,1.0110530071456274,0.9895971583320283,0.972940285706164,0.9893742648690133,0.9724635293795931,0.6085510543090734,0.10486692628474359,18.296805390245474,0.0597509510308272,0.10749342038107257
2020-02-23,0.9552939163280498,0.9909624915635453,1.0520907776360766,1.0182962443155563,1.0252362647392717,1.01780454498789,1.0029587865095746,0.9936335884664185,0.9846096892049166,1.0379558504416535,0.9457880095355875,1.0670361293112771,1.001703903134241,0.9625649804711313,0.9755426960479994,0.9661504799405944,0.5712416111398688,0.07604821508978352,23.350217872022668,0.07724646603051703,0.09367088436463772
2020-02-24,0.9634500753637052,0.8995739413350171,0.9980065574713671,1.0529578989185655,1.0323879900132837,0.9331205247526378,0.9618872359216,1.0889316767783344,1.0159255704367167,1.000205934631703,1.052803128059678,1.122637056271508,1.064828663878987,1.006970762738529,1.0177344087992413,1.030853989554911,0.602047314358607,0.12610941949028362,12.797397267207206,0.09231698415043874,0.1116611051857871
2020-02-25,1.0048061519996045,1.1170518660941469,0.9574475002671716,0.9939105534014533,0.9917848555207733,1.0218655266687666,1.0523362165791812,0.9754758249186672,0.9589323984947484,0.9179644692034172,0.9536897751598576,1.0268220417288296,1.0022823520911601,0.9492283002546921,0.9813616261757572,1.0015736473895132,0.7016546026859264,0.09175873012975917,31.415117685191873,0.07706997625380677,0.0991678686854768
2020-02-26,1.0808857829089422,0.8905929663652578,0.9831098723682986,1.0109599114672128,0.9812825377336482,0.9595921238317301,0.9969460733806333,0.999751729924886,0.995894129753405,0.9061143939423942,0.9926298186022302,0.9572443654854222,0.972613206259323,1.0113487381670727,1.0320364375240283,1.0448388667120936,0.48811970775833746,0.09391423337303674,25.9770214959398,0.06599320967624914,0.14390429498056345
2020-02-27,0.9927158747040544,0.9912934042463368,1.0412525389697174,0.9316737842435984,1.010471452363417,0.9734720503915043,0.9815605474569296,0.912924277605071,0.9554727847098397,0.9989753035271443,1.0444226587046805,1.0495013294704025,0.9959836762502045,0.9905355821385515,0.9584660406491831,1.020117824848807,0.6032978553341352,0.040166542329891884,18.92483302412696,0.08306739371988502,0.12831831921726972
2020-02-28,0.9569574778485577,0.9270926279331692,0.940144515529251,1.0652635361742735,1.0113329786729242,0.9239912784212121,1.032681608301506,1.0630187437039442,0.9820062721282069,0.9662004580431557,0.9831311143757525,1.0142303255127085,1.0319985075128186,1.0591108419020117,1.0606239102956583,1.059270192411349,0.6217490736306246,0.12001971799306682,14.184002829482917,0.06076256493620846,0.07489716601202075
2020-02-29,0.980843686749615,1.0455630427450986,0.9819893013907247,0.9537126485018145,1.072214949971953,1.0333002154903168,1.010962689210019,1.046335454572992,1.0531267119667693,1.0170517905486347,0.8771169290552853,0.9662205274666139,0.9771710435210845,0.9507899552443433,1.0099338716960158,1.0596101066425672,0.5473864241599385,0.1163689829320626,21.9002428860098,0.07906159316472489,0.07937108397451198
2020-03-01,1.011883862480923,1.0212841290794767,0.9647474955159663,1.0395226787294134,0.9756340280856663,0.9538524542304806,1.0089295434262429,1.0385384488562475,0.968307425440265,1.016531277800711,0.9953254180297325,1.141221682486807,0.9645720159418454,1.0692085800269757,0.9973826855780556,0.9936618998163855,0.5314825977420023,0.11598038946737299,10.64963235758338,0.06716863076133868,0.14101845710717817
2020-03-02,0.9731176947907969,1.0254826595441675,1.0290449935303871,1.0699025470348247,1.0209215227709347,1.053008413262887,1.075838551739198,1.0082400272265553,0.9257220674204657,0.941036145674971,0.9281098565904744,1.079579519050705,0.957629570258553,1.0615920782706145,1.0292865955781938,1.0857634563419525,0.7079457956169147,0.11956811793052158,16.10348781946822,0.13360686373939917,0.10924240404305526
2020-03-03,0.9734628164438291,0.9983685851205673,1.0804660031001196,0.9148930844587173,1.012924406976343,0.9546523597009622,1.009351854140244,1.0419927887604101,0.9971194909771155,1.03864934599242,0.9205080299307907,1.0553494556332736,0.9698435378675943,1.0311204034896182,1.0091224047988234,0.8707218910438107,0.5814248132903593,0.1338200040623463,23.74378779502266,0.09633573880182925,0.09304722472926437
2020-03-04,0.9293657955185307,1.0715573348261744,1.0903538497594059,1.0014287521561989,0.9890121475889943,0.919047514209517,1.0441660529478245,1.135113966284621,1.0358556537393246,1.0631851759076598,1.0271043646854083,0.9507492056715622,1.0668336315509932,0.938271255026514,0.9894667547168479,1.0139425872501262,0.703949758080137,0.09907996301911619,20.377245000470182,0.06329971150328068,0.1355900848640793
2020-03-05,1.0030740334131605,0.9644902611378551,0.9346107185965374,0.9367026764249029,0.9754935762913444,0.9073710569912996,0.9326265648577814,0.9182431535465374,1.009112973189083,1.0203992114759208,1.1003570481591414,0.9251235100383809,0.9660201520545169,1.04563056946614,0.9891613097505522,0.98365010306461,0.6267881655148113,0.11875232996338797,17.54517634578156,0.060061315812121624,0.08837217648442604
2020-03-06,1.0152620801702983,0.9314148814856912,0.9507301871136844,1.0267356318907805,1.0288633386262571,0.9678388958198005,1.0311108100925992,1.028592729364528,0.9108459125640228,0.9843968124775645,1.020756279556056,0.9713462148918006,0.8930534065516147,0.9858492639266939,1.0376046579970706,1.0790202792906567,0.6038070530181057,0.08512320376074176,24.75369789568442,0.07123643573781661,0.09160673468541257
2020-03-07,1.04915086500669,1.0074809239780187,0.9419291168656039,1.0313279393993036,0.9642383411612244,0.8738652528281357,1.1414449316858137,1.0354051010980334,1.090903856424327,0.9544188596252778,1.073375141170595,1.0794934579074498,1.0777274762250588,0.9989396833393924,0.93987689781287,0.9911343596568182,0.6237985256024222,0.09292397632671541,14.806829945526278,0.047102497620018564,0.08616485376302743
2020-03-08,0.994550012429932,1.09653635242592,1.0648813284875474,0.9977563707918587,1.0604449767084672,0.9610143427654829,0.9831551487952565,1.04551121550587,0.9379169711214502,0.9860509635849888,0.9339577069955978,1.0058736203913985,1.0816257877794717,0.9623951555449514,1.0112939747956915,0.9551339049181751,0.6317502722728033,0.12113520308658986,21.423503079143863,0.06539011077243333,0.041149824802519594
2020-03-09,0.9641853515431331,1.0352445817171594,0.9832838236828483,1.0400699173768686,1.014549681909972,1.0139852075427545,1.0303638029687643,0.9710253181511421,0.9797816088443569,0.9139377204973023,0.977906527927327,0.9288833654967582,0.9927659400480029,0.9521184525306872,1.0050617210160655,1.022661965320787,0.658982761168855,0.10782247657731263,17.510572493320147,0.06523545765832667,0.1259277097076298
2020-03-10,1.0425768307684866,0.9825290536150437,1.0732503194818064,0.9242946131779365,1.0749679026064045,0.9671892896849091,0.8609853392422642,1.1325402369542379,1.0789011537161781,0.9484058136439947,1.008450432379658,0.98927502738734,1.0051110401647465,0.9258356781229383,0.9659253008666603,1.023398064137381,0.6217907922748483,0.07333169614843828,15.763147715918027,0.09767851378610898,0.06372746625920236
2020-03-11,1.0129666195976772,0.9041841052033266,0.9373433435617727,1.0664262980465684,0.9528598616260672,1.0265337587000716,0.99691145713243,0.9477725521156214,0.982587536290642,0.9742883182676639,0.9756317065771031,1.0376804105463722,1.032617227720829,0.9711287151686472,0.9546448598080389,1.0141168667259157,0.6072305313725093,0.10722658759095406,22.31697879975215,0.07146799367625674,0.08293921841735308
2020-03-12,0.9913978014560471,0.9571652939767917,0.9546663607808707,0.9498292244749462,0.980233241429731,0.978642827711958,1.0371865353280914,0.9800500492499773,0.9901275141781961,0.9390862987222094,1.0822287814598501,1.0253493204793278,1.0894436584611957,1.0398442896018012,1.0744817975956646,0.9875756237277517,0.608814375846689,0.09634177118279375,15.035602829347129,0.06418908437816881,0.07768384351796012
2020-03-13,1.021056378885471,1.038260621785844,1.0639817233856526,0.9664852417017266,1.0208705864071945,0.9555997532190623,0.9654376479339288,0.9684218627194209,0.9926865863653903,1.0074887819241731,1.02315165835093,0.9274545655092322,1.1013387710920273,1.0591764478378132,1.037178138469638,0.9816734804196646,0.6675956661039489,0.08362667417705222,29.51003224372458,0.05319068323269582,0.12180971805902124
2020-03-14,1.1494123794201654,0.9053355024923951,1.0509838810817045,1.0189250987537979,0.994279239014423,1.0703507870011155,0.9393201843459894,1.0083547496389256,1.0750977325964133,0.9898950727583727,0.9785368483486715,1.0058988611198973,0.9771622325997587,1.07945843651468,0.9534076113164421,1.0448465635165287,0.6408484121076048,0.10868574100628191,17.07641577266001,0.05646722901640554,0.09794251651288234
2020-03-15,0.9451608129362874,0.9771609243703139,1.0790775899324618,0.9425709456479666,0.9455024787136705,1.07404414284359,1.0059598460234098,1.0792365458795783,1.0166303687057945,0.9546467664196795,0.9965916314072345,1.0632064215223616,1.0483752612425568,1.0000455766037903,1.0025071835356216,0.9942149779942411,0.5498989223338698,0.09190988605022314,29.949099914874672,0.07867287900006743,0.10046249651092422
2020-03-16,1.037340993038212,1.032977971593915,0.9929500482663397,0.9656371521682603,1.001229106046989,0.9139656224973494,0.9330778392479289,1.0410699797069767,0.9753615602593823,1.0192741966946357,1.0626296266535442,1.033395624624992,1.0010594826659056,1.1093990932265356,1.0343249398206331,0.9817769828029008,0.5682185601370352,0.06859020622976006,14.530146053384101,0.07569741793717054,0.04961620618304162
2020-03-17,0.898922382814828,0.9911374271364709,0.9854472326905046,0.9774680332487711,0.9154451600904183,0.9817674990874463,0.9979598954637736,1.0052397770354302,0.9416320199771346,1.0325113329545463,0.9375164320768379,0.9884979392452757,1.0670829360228362,0.9644121348995527,0.9737499161015606,1.0551676538668788,0.6165374412038688,0.07777689442656935,23.029757091645674,0.10268503255363311,0.0973768885529591
2020-03-18,0.9574414423732948,0.9482543279593015,0.9442793259458273,0.9561108262327644,0.9569225845547384,1.0154608025600118,0.9543936152264162,1.0062792138980723,1.020571028743595,0.9625973409659062,1.0066938087706698,1.0838759557723041,1.0165026982106053,0.9673510288070045,0.9966739694460427,0.953102898360392,0.5688539337350161,0.13538340153087372,14.002121541790382,0.06741738778759068,0.055710007003569956
2020-03-19,0.974575714540366,1.0096051251505123,0.9476934599972611,0.9581607111378516,0.973826840521793,1.1088160011607147,0.9795474929331739,0.9735020656965189,0.971840323576143,0.9917198822970864,1.0327965059176463,1.0094745218501764,1.1028907337350198,1.0106897223366456,1.0723702074678285,1.013835555801243,0.5811756490301019,0.06970142167744786,13.294413460596033,0.10118368573081965,0.10921590986992587
2020-03-20,0.8923560686404566,1.0440312230936328,0.9806424835158909,0.9780964338876842,0.9872414269479921,0.9885960405562781,1.0203549210394376,0.9364483874217367,0.9534478971541501,1.01453166479497,1.0072791405660182,0.9811672595545634,0.9713043797179509,0.9582787648415036,0.9970822418052165,1.0590366236595723,0.5522040209140497,0.10445604374160977,20.798526715368364,0.08514252624366818,0.11100168980492918
2020-03-21,0.9267048291568957,0.913421252741938,0.935510887192441,0.9795126767342904,0.9837295015525159,0.9742428791428666,1.0049711345282377,0.893242304614066,1.0247674703175773,0.9290349710553835,0.966957469738734,0.97935747668535,0.9421894681628759,0.9314500165681205,0.9496959167392847,0.9994038178929411,0.5869178570239096,0.11220111828616622,23.387794151057125,0.0799072862556259,0.09947807551794412
2020-03-22,1.022490615604824,0.8981289909740724,1.0619169630291114,0.9757597562355168,0.9608237568099809,1.0169726897953781,1.0516309527553176,1.0171291628442463,1.0526372228659306,1.0067179408326883,1.0614819302853866,1.062258001930935,0.9950260605333967,1.0719602943963475,1.008236685065675,1.0043446610151014,0.6211813820077541,0.1127837809260063,13.628685233045879,0.03983391476619369,0.16129431057569205
2020-03-23,1.0174307975634733,1.013878070812506,0.8896753902288016,0.9948378540182701,1.0324130003845478,0.9618522521540909,1.0045153349548892,0.881096336546589,1.0335696518144235,0.9668783595162128,1.0435678473783363,0.9078606862033887,1.0346133694162822,0.9881530356173842,1.040380189883448,0.9537145106443949,0.6497580808193802,0.07549056682722764,25.920735336035257,0.05419883630015737,0.11583186742676695
2020-03-24,0.9488720637089817,1.0595228393175147,1.0862506657102127,0.9647946966708332,0.9136983910493354,1.0585988651495377,1.0554195255895864,1.0410829596089293,1.0578255717374456,0.9566237367088098,0.9915751795664031,0.9307945197829726,0.9290918585207093,1.0490550653634767,0.9664043368778445,1.113978579701003,0.6004615474146859,0.09356923661289371,16.012004925117804,0.09482857711018475,0.11787472525101111
2020-03-25,0.9391427414603175,1.0185501400942532,1.0687799030533365,0.9753379525486853,0.9613179021294361,1.050822395568145,1.0069983870250991,0.9448728948658629,0.981012669920923,0.9622168754517022,1.014813433243521,1.005484225674677,1.0575223521530113,1.0354832520990622,0.9218233002985313,1.0203495265727638,0.7037425014805451,0.10281693450257211,20.656113450324757,0.10795639724689997,0.10426934059148033
2020-03-26,1.0465035012621249,0.9467267664257145,0.8920231233611149,1.051264997232851,0.9637907537165646,0.9846966899495166,0.9301010325884794,0.9337236206497439,0.9421705579012196,0.9819675074134094,1.0184999538077966,0.8851094392121296,1.037608658730901,0.94090009186057,0.9466844121022969,1.0338927694037496,0.5961793306305601,0.1160041852095767,21.898894298756193,0.08412897610346962,0.09421725770385199
2020-03-27,1.0099945174303928,1.0705663580931597,0.9772165582277056,1.0504044842191298,0.9629055238840937,1.056106442925111,0.9618507685209081,0.9818895450692752,1.0947983273949515,1.015848569405917,1.0054879486351347,1.1121024637506027,1.0180678337016742,0.9591931346135697,1.0367313999147256,0.9409159541495951,0.759671157816354,0.08710078337572098,22.973408407307723,0.09525054629776351,0.12897754781968696
2020-03-28,1.0007077575889483,0.9511156191566827,1.0284043933159408,0.8979062151868095,0.9783570270871463,0.9798029517571528,0.9863367224238762,1.015361195268786,0.9385988786790433,1.0294257541617906,0.9909922992339157,0.9674891944093187,0.9316586932752194,0.9408445364133691,1.0180162386014626,0.9518075445228941,0.650082604455019,0.07673050990748921,11.01093900243034,0.07184555716158832,0.13304348625024265
2020-03-29,0.9457425464090602,1.0510262755193918,1.0154801925252286,1.056197532503871,1.0005528035527007,1.0597823012231318,1.0423193710027134,1.0358210451708811,1.0251761438898275,1.0198849506264556,1.0116517903507334,1.0112953119764525,1.0495097297779852,0.9744010163044527,1.0867842568046906,0.9946878727320396,0.6248361215911227,0.12005148098321022,28.092813088916202,0.07257298145117934,0.060965189153974544
2020-03-30,0.9361391618662178,0.9642958920489633,0.9841386023245899,1.1077595926358887,1.0103377966103158,1.0467356699899648,0.9499200021559958,1.0176304144880572,1.033573917419823,1.0900813477732176,0.965186477583801,1.0301744731346922,1.0151291954226664,0.9489142644734011,0.9990271882206909,0.9868262545231805,0.5750483177971191,0.12210307291979386,22.808965508305107,0.06674074752475376,0.13163468814346468
2020-03-31,1.073994043356631,1.0132999643696898,1.050835064700581,1.0705160898351007,0.973954660783849,1.0406077266320384,0.9879425493164944,0.9968725679250059,0.9957192191680657,0.9999340533772482,1.055698009981467,1.0061913765514305,0.9923133625970952,0.9861731384241694,1.01706570746026,0.9552565968346044,0.45877529898810343,0.10740145112098032,17.87203259566535,0.09949397539551647,0.11541469603081532
2020-04-01,1.1001978889514485,1.0664530370323921,1.022497608153222,0.9973190740930569,1.1095382081399605,1.016147645403681,0.995657724606557,1.015156318840923,1.0152971603205958,1.0705158853241865,0.9990517653758035,1.1049662412028627,0.9558989369999141,1.0347025108459422,0.9499086611676097,1.0908550478311982,0.5922434193675665,0.08782425686604724,14.879230486050012,0.08685594770147054,0.12882100218126802
2020-04-02,0.9826920504179236,0.9302538363600115,1.006865257568776,0.9949313732429335,0.9825532988620218,0.9657769330549695,0.9807046768076068,0.9626802330634776,1.0264480921013062,1.0757975023602349,0.9034637945715491,0.994201624196428,0.9790914112952949,1.0246184294250649,0.9524116491328143,0.9926782084653613,0.6089109147181321,0.1081352331084428,11.529642353584578,0.07531661367134884,0.11398536342240323
2020-04-03,0.9876758347684529,0.9223089508511586,1.0297865204966634,1.0144135085228736,0.9922960199227563,1.0492462465316779,1.0609247774895942,0.945385868293924,0.96094619640074,1.0773642547883926,1.0709425933295655,0.9630803435706952,0.9409644973881675,0.9681216223132011,0.9750941796591194,0.920796708405664,0.6961226602477514,0.10218621406531729,13.192883919546778,0.07343217470555048,0.06267190831090376
2020-04-04,0.9964264408942776,1.031454817783785,1.040661203604561,0.983148993560362,1.00220587393273,0.9587297005302623,1.087368984822951,1.0324974908881575,0.9448380110036985,1.000202898442817,1.0356775843679729,1.023970548328437,1.0914585059020199,1.0686159556591708,0.9730346771086739,0.9955409749768869,0.5310125224487479,0.11675257352382784,22.72469239535284,0.09113011172857023,0.06481250647502304
2020-04-05,0.8953373809674455,0.966395675664772,1.0056174605762538,0.9371992353703598,0.9566396157974216,0.9817182095885948,1.0170905817232807,0.9917328994393858,0.9555383756276532,1.039384061724756,0.9730181275237729,0.9750345578294115,0.9310174204024357,0.9606992129219069,1.0325885797942578,0.9191172420733124,0.6952943181659916,0.07501774068178188,18.29463357368343,0.0864623108888496,0.15473771587434848
2020-04-06,1.065513895109237,1.0550525168051383,1.0117749541591659,0.9122460570042041,0.9477018831151468,1.0488351530965672,1.085656054513935,1.01483077199925,1.062365946701785,0.969611914828923,0.9905306421694547,1.0000573951781655,1.0211548376867499,0.923559520477754,1.0470333421269147,1.0661273322183398,0.5874377797206292,0.10232521544277978,14.34242025115774,0.06335916069381849,0.10757271605941139
2020-04-07,1.0404291758012683,1.0077797208450514,0.9761676501096078,1.1056722146355369,1.006945212583983,0.96232849698474,1.0050575906050174,0.9479965366284554,0.9619146612979628,1.0193181401062592,0.9722900896893873,0.9774512963014883,1.083447243042039,1.0429824391593192,1.040141291005341,1.0264408351099108,0.6362028439252726,0.09681872302667771,17.36532517239592,0.11431971754896628,0.057482335175233996
2020-04-08,0.9872481156139378,0.9310701819312056,0.9828113490153528,1.0259221216477201,1.072562344461259,0.9668336230901547,1.0002652236799547,0.982039480008253,0.9630700029607553,0.9405310273226335,1.0030330582650901,0.913396749978242,1.005527157541225,1.0010475967743877,0.9671124850538059,0.9494548215045019,0.4730076792235265,0.07780632570705166,27.820562702433037,0.08514057840637222,0.11044396000324323
2020-04-09,0.981798951585756,0.9421461578139166,1.0521246748429993,1.086482559837104,0.9532987795595091,0.9850627397059785,1.0525811882396856,1.0167891680013421,1.0999980478078077,0.9714927775264327,1.0271145604184755,0.9374536015029167,1.1047945865249522,0.9634829593855873,0.88960164853524,0.9937117989370186,0.6069515190754707,0.10431296498816697,18.346625498023254,0.08020958208547785,0.08913629190177746
2020-04-10,1.079313534155474,0.9968385192793602,1.0519738946793942,1.0259042294030492,0.9851882332619019,1.0038777220995538,1.0014336939428372,0.9541987682141234,1.060684037722305,0.9307189873665914,1.058558446127541,1.047720966456229,0.9953475370960069,0.9617277826263131,0.9886787457169048,1.0236387328997598,0.5828133973034461,0.10069835671757882,17.077758772604906,0.10954571347925147,0.04469758132595017
2020-04-11,0.9215827094565274,1.03818133294187,1.0076588125975794,0.9792212911412637,1.0580771209359625,1.0345763074398253,0.8591802879127967,1.0019941624133681,0.9272488001636107,1.0533329937234177,1.1244537411452409,0.9740733244642328,1.0037289576250965,0.9874483213045702,1.0175406556110111,1.03222745078044,0.634121470507739,0.09179282665778,26.753030340931982,0.1004803399523427,0.0312943548486848
2020-04-12,1.0579288319788342,1.0356599369199,0.9530712529505825,0.9649038191587738,0.9768834548634401,0.9974415359437047,1.0573476624159368,0.9354094281249102,1.0233350752306372,1.0304986216086436,1.0279144361078856,1.0233153167228994,1.0759159060659957,1.0243904171683118,1.0428479622279982,1.0281773252463684,0.6045612643878386,0.10792057499771884,22.30945846161917,0.07824066282840733,0.05191999917391565
2020-04-13,0.9515261628386795,0.9065652265996587,0.9809052576221219,0.9656353345241115,1.0247086989730347,0.926386876353129,1.0715806589772061,1.0135966921607182,0.9876048654234606,0.9645288325407052,0.9606396472273769,0.9434956417689693,0.9727819637546417,1.0003025207447256,0.9911318275278198,0.9292756063097607,0.5428880189293923,0.0716240597854107,20.2214041454299,0.09071970362390468,0.10815377627885968
2020-04-14,0.9843440030588921,0.9187558413262752,0.9292637845660607,0.9156638337262155,1.0362984231700418,0.9617465324977997,1.0031300129562124,0.9688992908728801,1.0045598270936753,1.0700838565444728,0.9657527033941312,0.982952233038593,0.9596828044334873,1.0437287451759667,0.9487141405042882,0.9433508377745518,0.6473493818644515,0.09892716413656946,16.96109053280583,0.05860043347018101,0.09855783345659594
2020-04-15,1.0475772911653152,1.0125553520836186,0.944898871687401,0.9861650224986506,0.9883541662164607,0.9654649054188172,1.0965303436856275,0.9046939715171423,1.0190518224093539,1.0165762240316858,0.9710191900892462,1.0074751432687692,1.043880248434795,1.0076367567719837,1.020866266127034,1.0346455966636066,0.6347314369650794,0.10862828331557986,12.237946091772304,0.06718314153396568,0.09252522428124088
2020-04-16,0.9295876511341662,0.994078581574326,0.9593978093679651,0.9706402869829955,1.0483518454483274,0.9598049706379815,0.9934949353652386,0.904570963930915,0.9920783999047215,1.004500837994282,0.9647604895930635,0.964005660028112,1.0943211442991785,0.9395127857047532,0.9474691478549807,0.9595494762349203,0.6298384098064664,0.10568035716251346,14.14728739255554,0.034793371060990314,0.1085403446138787
2020-04-17,1.0532406158741887,0.9544466060543582,1.0726473313611138,1.0708289092108028,1.003510400757016,1.0323064984654653,1.037487297391573,1.0777105058079783,0.9474274125665042,1.0590602325258014,0.9812385999180673,0.9616119508212232,1.005133621593078,0.9892827856706642,0.9506253510810588,0.9201334785932479,0.650445768106371,0.12152855563915899,17.59769198779988,0.10440734047631278,0.11803391280439016
2020-04-18,0.9741583517204796,0.9961424162459114,1.0141382366139997,0.9459355207547075,0.9505027916569827,1.0048588653352595,0.9839848036546125,0.946822161023039,1.0193266064636475,0.9868360349761837,1.0510676975429776,0.9997409449091091,0.9849846770440203,1.0063836592340458,0.9914008273000552,0.9665976976154297,0.6550483720625492,0.07597774851635976,18.901871497989674,0.04203177086329367,0.036924776813950136
2020-04-19,0.9803454660538344,0.9792712327475389,1.0085886256153895,0.9773921371050064,0.9743408496168978,1.03914874617284,1.0089043757668048,0.9416817988760187,1.0667253160577557,1.0498376025154306,0.9713020176582307,1.041564020770967,0.9632418380023474,1.056284920523188,0.9891084379955923,0.9598578802288665,0.5989094165547046,0.06984239150734513,21.781211420137193,0.09362550467893588,0.09096546453565049
2020-04-20,0.9721692277169164,0.8169459094896604,1.0046417807661367,0.9051882811031539,1.0122094175784502,1.0565396869861121,1.0136942819292363,0.9805281702524544,0.9910061198071457,0.9933468686543224,0.9725379187010808,0.9708105253220499,0.9538052017699141,1.0594081123331875,0.999222336340594,1.047813569784688,0.5321171263615726,0.10478135484116516,22.758823636724095,0.06338646219447328,0.07516256048937148
2020-04-21,1.0119852310648354,0.9663091917348976,0.9610023086525157,1.082958526895039,0.9859981162226255,0.9854448924871588,1.0732503703948675,1.054393057730405,1.0266918968965024,0.980030173229276,1.1176598796002104,1.0196486893804981,1.0273492739319074,0.9914446934167218,0.9292846278461124,0.933261896748812,0.5307518863925553,0.10910305054871987,21.114607797484464,0.06042057064364842,0.06300415066632514
2020-04-22,0.9836074667837722,0.9271936034008738,1.0449457667973931,1.0576332390900027,1.1414517081546656,1.0439158725867055,0.970357519756793,0.9564167507047451,0.8274135955536865,0.9702555430749048,0.9911513061363616,1.0483903628517508,1.0305800076593505,1.0294174870189885,1.0106813801607775,1.0330455015216256,0.6674875616992747,0.14239647586353735,21.102042525716502,0.07609938249225504,0.08358396165823
2020-04-23,1.0648434561614022,1.0376142081740392,0.9400724290238134,1.0086472401747795,0.9882680320121733,1.004041352429389,0.9905940935193996,1.0259976412387977,0.9802580065512386,1.042728525304531,1.0120697429126597,0.9853461913889051,0.994407331653785,0.9779706294536625,1.040694202363191,0.986426775751545,0.6355223719580544,0.11233224952413903,14.96237654195872,0.08532824359503105,0.09631383706617187
2020-04-24,1.0339580484206679,1.0210076387945248,0.9171983279492839,0.9527659217290129,0.9742949679871306,0.9589640978879551,0.9408964632056699,1.0370047839949363,0.9880247299202128,1.0192845289993457,0.9784745772991613,1.0152664288252164,0.9624424550161825,0.9986741612650905,1.0290922896857737,1.0022536407447526,0.6051014673771496,0.08252103405261609,9.226225284112491,0.0922421295840061,0.09200930630321154
2020-04-25,0.9615339834539403,1.0271291516807488,1.1240865221084866,0.984876901037225,1.0168369722380555,1.0188696491415623,0.8716767568178618,1.0061931172690772,0.9646740648837866,1.0692343991925108,0.9873007089453997,0.9611232096962877,0.9890750331961088,1.0083280529045313,0.9720047214719123,0.997366861032863,0.5782675872400211,0.11612059469803554,17.39562087422098,0.11543263369988821,0.056359980596928254
2020-04-26,1.0135966929945963,1.0591882928967218,1.0509554329980038,1.0831921350803437,1.0541327926924429,0.994106820932425,1.012922380631712,1.0089580627498766,1.0151069601752578,1.0100160544520067,0.9608785601097621,0.8948182055693281,0.9664160694065176,0.8986982755816176,1.0033979553691204,1.0002268194076618,0.6015778548970132,0.0830873970450656,15.229253884230301,0.08717228115543287,0.08550551456072185
2020-04-27,1.0935832771892893,0.9397003001846875,1.051835257190053,1.0220423939356893,1.0209159888273363,1.0467223758823243,0.9640416102020793,0.9703813783387489,0.9586663943952333,0.9622548813318839,0.9950744132910422,0.9274087915887469,0.9477136311505142,1.0288764144530436,0.9964518642405098,1.019147739544904,0.6012397105030229,0.07028328108687533,16.736865237293284,0.09762390726125483,0.16047498675771907
2020-04-28,1.0466607313253213,0.9970861941883274,1.000850708029879,1.0006769086496252,1.0353992724717058,0.9764189643893013,1.0561196891136644,1.0230029301344654,1.0077018468274166,1.0020868243773937,1.0260151983941315,1.0507695768964527,1.0472763775192495,1.0187930078905438,1.0438359377468642,1.005917909287177,0.5831620646871094,0.1521820175942506,18.627230124236558,0.06803021980307777,0.06836335467860707
2020-04-29,0.9414460777467261,0.9900888146383608,0.9558083211744858,1.1050104691649694,1.024884247379167,0.9215644412677958,1.0273082273184433,0.9800630022589374,1.0958391667950076,0.9473651699956412,0.8876485248339336,1.003293458986396,0.982598632522514,0.9791707132550661,0.892938041942436,1.0213404675598723,0.565048753657287,0.10651650758794844,13.781964623844967,0.09427442625112144,0.0493872106450627
